query,label
What is something everyone is wasting money or resource on?,1
Has anyone else ever gotten their own pokemon back in a wondertrade?,1
[Pokemon] In Pokemon the First Movie why doesn't the clone Meowth want to fight?,1
Black dot on inner eyelid- wondering what it could be.,0
Where are the best places to go quadding in south jersey? Preferably quiet(little cops),1
54 year old male. Overdosed on carbatrol.. Is glucose safe after a heart attack? Also what's the best thing to do in this situation?,0
ELI5: Why is the US better allies with Australia than New Zealand?,1
Whats life like for half Chinese in hong kong?,1
Why a delayed reaction to muscular stress?,0
I just figured out what Naruto is missing,1
"Previously ""cleared"" of hepatitis C 3 years ago. Antibody test at physical this week returned positive result. How concerned should I be?",0
LF Fire Type Safari WITH NINETALES; also find out what my remaining pokemon is,1
How long would it take for blood test results to change going from a very poor diet to a great diet?,0
Just an anatomical question about the whole spine/scapula/arm assembly- when I crack my back like this wtf am I doing,0
Can't really move toes,0
"Exhausted even with a healthy diet, exercise, and regular sleep regimen.",0
"18[M4F/A] In bed, bored, can't sleep.",1
ELI5: Why is it that after playing on the computer for hours our vision get blurry?,1
Is there any alternative to Risperdone?,0
How to choose an orthopedist for knee replacement ?,0
"I make tons, TONS of typos with the windows 8 onscreen keyboard compared to the ipad I upgraded from. Does this happen to anyone else? Is there any way to improve typing accuracy?",1
What are the cars you want but can't buy in your country?,1
Does anyone enjoy any other games competitively?,1
Are there any known cures or even newer unconfirmed ones for Multiple Sclerosis?,0
Jeremy Soule has made a wonderful soundtrack for this game. Thinking of buying it? Don't. Here's why,1
Mystery neurological/eye symptoms after many doctors visits. Any guesses?,0
"Reddit, what are your favourite budget friendly meals?",1
"Fellow Designer's, what would you do in this situation? (Workplace Drama)",1
Erectile Dysfunction at age 20? Is it psychological or did I damage my penis?,0
Can't do thumbs up after breaking wrist,0
What would be the best drug to overdose on?,0
"Severe ongoing pelvic pain, advice needed please",0
"Reddit, if you would rule the World. What would it be like?",1
Can anyone tell me what type of friend safari I have? 0920-1223-4840,1
Please stop playing Miss Fortune.,1
"Got multi quat sanitizer in my eye, what'd I do?",0
How to take care of dressing after a lanced boil procedure where boil is packed?,0
"[MO] Claudia, the snooty purple tiger, [LF] Julian or any octopus villager.",1
How can one escape the effects of a bad natal chart?,1
How much rain does a flood take?,1
Where do they treat arytenoid luxation?,0
33m4a - Would any pervs care to chat?,1
"I get painless bruises all over my legs (and sometimes arms) if I spend too much time sitting or laying, what is this?",0
Is anyone here qualified to interpret an MRI?,0
"I'm not sure if what I just experienced was a dream or sleep paralysis, please help.",1
help: Any apps that use photos crash when accessing them!,1
"What's going on with my left arm, from my elbow to my fingers?",0
I'm not sure what hurts,0
I swallowed a small sharp piece of plastic. Is there any reason to be alarmed?,0
Anybody else see way too much in common between Ylvis' 'The Fox' and Stravinsky's 'Renard' ('The Fox')?,1
"Pilots of Reddit, what is the scariest situation you've been in, and how did it turn out? [Serious]",1
"Injured lower back and nearly passed out, what happened?",0
How much diet soda is too much?,0
"Symptoms of depression, what tests to rule out most deficiencies?",0
Do you know anything about Lundy,1
"Building a solutions in a space where I am not a customer, too risky?",1
randomly broke out in flesh-colored bumps on my forearms - what is it?,0
How to proceed one week after possible TIA?,0
"Funniest guy I've seen in a while, all he does is smoking and talking.",1
24/F Why do I keep getting conjunctivitis when I have a bad cold?,0
Headache when screaming/singing,0
"Trying to figure out what's wrong with my boyfriend in hospital, his mom isn't answering my questions",0
Redditors with anger issues - how do you calm yourself down when you can feel yourself about to blow up?,1
Why did I get the sensation that I'd wet myself when I had a CT scan?,0
What muscle relaxers can I take while on Citalopram 10mg?,0
Do I have Morton's Toe? Trying to figure out what is causing recurrent toe spasams.,0
What is the strangest coincidence you have experienced?,1
Who enjoys the 'Zippy The Pinhead' comic strip and why?,1
"What's a lie you told as a kid, but never got around to confessing?",1
What is cholesterolosis?,0
How to cure dry eyes?,0
Why do my eyes get super red when I smoke marijuana?,0
LF Ivysaur / Bulbasaur! Will add anyone in the next 10 minutes!,1
What's the deal with Someguy9191?,1
Just how serious are transient ischemic attacks (TIA's)?,0
"How would history be different if women were the physically larger, stronger gender?",1
Losing hair everyday.,0
"Having extreme anxiety about something. Can I PM someone, anyone?",0
What could cause white blood cells in the urine without any pain?,0
If mass effect 4 is a sequel where could the series go?,1
"ENT Opinion, Please? Excess saliva in a loved one a medical condition?",0
IDK WHAT POKEMON I HAVE,1
ELI5:Why do popular posts on reddit get so many downvotes?,1
what is this project spark I keep hearing about?,1
Questions: Somet/(any expensive raws) vs. Naked and Famous(or less expensive raws),1
Why does mouthwash burn when used?,1
Why do I hear music at night while I try to sleep?,0
"When I drink something, I pee a lot over the course of a couple hours. Not sure what's wrong.",0
What is the craziest thing your ex has done to you?,1
What is the name of Trachea disease?,0
How do I know Sarah's a vegetarian?,1
What if you SS... died?,1
Is there any medical procedure where I can have a protease injected into internal scar tissue?,0
Have an extra code for Saints Row IV Season Pass. Anybody interested?,1
Everything going fast and sounds are loud,0
How to mitigate smell of rotting wisdom tooth?,0
"Looking for any new pokemon, especially ditto!",1
What conditions cause stomach problems after drinking milk?,0
What is the most mysterious/paranormal thing you have witnessed?,1
Who do you think is the greatest actor/actress of all time? Convince me.,1
23F I get random chest pains when working out. What should I do?,0
I have a lot of things to recycle. Where should I go?,1
PTSD or what could it be?,0
Has there ever been an NFC or AFC championship where the two wildcard teams faced each other?,1
Hit my head pretty hard yesterday morning. Don't think it's a concussion but wondering what precautions to take? Album inside,0
Any poly recommendations for finishing wooden parts on a boat so it will last?,1
What is the price of one electron today?,1
My veins get pulled alot. IDK what it is called.,0
"[Help] CoupExtenSiOn 1.3 Chrome Extension, automatically installed and re-installs itself upon removal and restarting Chrome. How can I get shut of it?!",1
Are there any major risks going to a concert at 38 weeks pregnant?,0
Where the hell are the defensive settings on PS4?,1
I put my transfer in to Orlando...now what?,1
How long do you recommend I go without taking risperidone before drinking again?,0
Can anyone recommend me a book that is similar to 'How to Change the World' by David Bornstein?,1
How to behave on first few days at work,1
What is with the 'taco culture' in Austin?,1
"Looking to blog about the area, what are you curious about?",1
"Since twitch.tv is known for some unreasonable bans and huge lags recently, what streaming platform do you use and why?",1
Moles which are not in sun exposed areas - what is the explanation?,0
What is this hard lump under skin? No bigger than centimeter diameter.,0
What are these weird sore lumps on my back?,0
Any way someone would skim at my chest ct scan?,0
Kidney infection and burning sensation when urinating,0
What are the active ingredients that kill toenail fungus?,0
Where were you on the agnosticism/atheism scale when you first joined this subreddit?,1
How would you teach Mass Effect Multiplayer to a new player?,1
How you can make this grow!,1
What are the rules for putting out my garbage?,1
How to handle oral herpes?,0
What is this weird patch on my head..,0
Why do I never get hungry?,0
What's your worst break up story?,1
Any interest in a foodie/chef's table reddit gathering Thursday/Friday?,1
What is the difference between arrhythmia mapping and an electrophsyiology study?,0
What's the best nature for a Dragon type?,1
A Hooters-like restaurant opens with male employees. What's the restaurant's name?,1
What is your preferred method of smoking?,1
What could my persistent digestive issues be?,0
Did anyone else just update?,1
How can I stop clenching my teeth?,0
Anyone know of a good site that reviews Churches?,1
"And Why Do We Fall, Bruce?",1
Anyone here from the state of Georgia!?,1
What is the most horrifying moment that happened to you in school?,1
I always have excruciating hunger pains and I don't know why,0
"Any suggestions on my build, about to click 'Checkout'.",1
Are there any headphones designed for birders? (More in text.),1
How permanent are the effects of second hand smoking on the body?,0
What's the best way to treat an open blister?,0
[mental illness] does anyone know whats wrong with me?,0
How to stop spread of mysterious rash,0
Who didnt recieve a secret santa piece?,1
Where is the best place to find .357 ammo?,1
"So, what exactly is the rebel flagship's fatal weakness?",1
How dangerous are moldy food spores?,0
How dangerous is it to use Debrox after its expiration date?,0
So....does anyone have any idea where MC is heading?,1
"Testing 2, please ignore",1
"Constant muslce pain since april. Comes in episodes, no visible marks. Any suggestions?",0
23 [F4R] NJ - How goes it?,1
Possible Allergey. Face has been feeling tingely/numb.,0
Cudaminer error what am I doing wrong?,1
[TOMT][song] Where did the Blues Brothers Band lift this horn riff from?,1
What is the most obviously wrong assertion that the greatest number of people will actively defend?,1
ELI5: How does it feel to get shot?,1
"I'm interested in getting to learn OpenGL (ES), are there any interactive tutorials to do? How would I best get into it?",1
"Dog lovers, do you dock your male dogs?",1
What is the best way to block out a repeating thought?,1
"Adderall not working as desired, how would Dexedrine be different?",0
Need help with knee diagnosis,0
What's one person or event you wish you could erase from the collective consciousness?,1
How much probiotics recommended for antibiotic-associated diarrhea?,0
19 (F) needs your help,1
Anyone from Vancouver coming to see the Canucks in LA or ANAHEIM next week?,1
How could I trick my sister to suck my dick instead of her boyfriend?,1
how long to recover from knee injury,0
knee is tender when bent,0
What circumstances make death instant?,0
What could be the reason of period delay?,0
"To people who have struggled with other addictions, how does PMO/MO compare when trying to quit?",1
What causes back spasms?,0
Transabdominal cerclage consultation – what to ask?,0
Weird medical incident today caused confusion & vision issues,0
How many of you go on reddit at work? Where do you work and how do you not get caught?,1
"Besides Andrew Luck, What worries you the most about this match-up against the Colts?",1
What do you wish you had known about before it happened with your first piercing?,1
How long until sense of smell returns?,0
"Swollen throat (uvula?) having trouble swallowing, persistent for a month. Pictures attached, what could be the cause?",0
"I am 22 and I don't have balls, what should be my next step?",0
"Skin lesions in pubic area, what could this possibly be?",0
"Occasional bulimia, what am I at risk for?",0
How to prove that I don't have headaches/ chest pain?,0
Sudden and consistent nocturnal enuresis. How concerned should I be?,0
"Having an on and off pain in my right testicle, but I haven't seen or felt any swelling, soreness or lumps of any kind. What can it be?",0
Jaw Dislocation When Yawning,0
Healthy average time to digest what you eat?,0
What are your top 'unknown' movies?,1
Really weird Prozac side effects or something else?,0
Need Help Identifying Seriousness of Burn,0
"Ankle pain w/o trauma, resolved quickly and spontaneously, what happened??",0
Sore Throat for 2 weeks. No other symptoms. Doctors kinda confused on why.,0
Where is my file directory?,1
Learn How CorLogic Cut Their Budget While Increasing Leads by 70%,1
Has anyone here had success with genomind which is a personalized medicine company?,0
DayZ just updated (vers. 953)... now I can't see ANY servers.,1
What is your favourite thing about Hitler?,1
What are the arguments in favour of an independent Scotland?,1
What's your wallet's EDC?,1
Sudden rapid heartbeat / what feels like palpitations.,0
"Occasionally getting sudden onset of a hazy feeling, delayed feelings of touch in entire body, sort of disconnection feeling in head. What could this be?",0
I emigrated in 2010 and reading /r/britishproblems always reminds me why. Keep up the good work,1
Hyperpigmented band on one finger; thoughts please.,0
White spot on face has been here for three weeks,0
What is your favorite song that is older than you are?,1
It seems like many conservatives have a real problem with global warming...why?,1
What are these headaches?,0
What's the reason when sometimes my chest hurt when I squat or duck?,0
What am I feeling when my limbs fall asleep?,1
Help with uncircumcised penis.,1
"you wake up on the streets of Las Vegas with $3525 in cash, what do you do now?",1
I have a painful red bump on the bottom of my foot. Can anyone tell me what it is or how best to treat it?,0
"ELI5: why are some people slow right after waking, and others are immediately alert?",1
Reason(s) why I fainted? (Kind of long),0
What are these red spots on the insides of my knees?,0
What if you saw a member of your medical team on OkC?,1
"Hello Reddit, Would you date someone who is Genderfluid?",1
Why must my cat sleep on everything that belongs to the baby?,1
Hair loss due to factor V Leiden,0
Anyone have a clip of Bill's 'campaign voice',1
"If humans were not restrained by the obstetrical dilemma, how many weeks, on average, would a fetus take to naturally gestate inside the womb before birth, and and how large would it get?",1
What is the weird crackling sound in my ear when I lie down?,0
What can I safely take for insomnia if I take Klonopin during the day?,0
Can anyone ID sore on top of mouth pallet?,0
When was the last time you cried and why?,1
ELI5:Why does my tea get hotter in this plastic 2 litre bottle?,1
What are the vaccinations I need before I start college?,0
How common is HSV encephalitis? 23F with HSV1,0
Does gadolinium stay in your body forever??,0
ELI5:Why is there no known cure for the common cold?,1
Why does my leg hurt?,0
Need advice on dealing with severe symptoms of Gilbert's Syndrome.,0
Any way to help counter near sightedness in one eye.,0
What would it take to build an automatic mesh network into ChromiumOS?,1
Chronic headache after a bout of constipation.,0
Any improvements that I should make?,1
I constantly spit up clear phlegm/mucus. How can I get rid of this?,0
"(Serious) Ejaculation problems, please help",0
Need help regarding lethargy and supplementation,0
I noticed a white thing appeared on my lip (sort of where my lips touch not visible from outside) what is it? (Photo link inside),0
[24 male] How to stop tremer?,0
Why does a scratch in a DVD cause it to freeze for a few seconds?,1
Spun out at 50-60mph and engine shut off - why?,1
"I think I have an anal fissure but I'm having IBS, now what?",0
What is the best conspiracy-theory documentary that you have seen?,1
"Small hard lump inside my mouth, any ideas?",0
Experiencing stomach discomfort and severe nausea. What should i do??,0
How would a hospital treat Albuterol overdose?,0
"Numbness, weakness, shakes & twitches? What on earth is wrong with me?",0
What do i need to make machien with 5x 280x cards?,1
How to compress video?,1
What is the medical process for going to the doctor when you loose a finger?,0
What is the most akward thing you have experienced/done?,1
Any pediatric neurologists or psychiatrists around?,0
I've lived here and worked here for 4 months now. I just left my job in sales at Teavana. Anybody hiring?,1
How to remove flaky skin from face?,1
"LF dragon &amp; dark type, thanks!",1
[Safari Unknown] Add Me Please,1
How do u earn VC?,1
Why am I unable to hold my breath some days?,0
Why does my left leg feel somewhat fine after I worked out?,0
"Chiari malformation, what can I do? Please, I'm desperate",0
I fainted when I was 16 and never found out why,0
Hair follicles falling out,0
I don't sleep much anymore,1
Romantic anime where the relationship is early or established.,1
concussion - please help!,0
How to feed my fish when I'm gone?? Help!,1
"Eli5: when microwaving food, why does the plate gets hot but the food stay cold?",1
Anyone know how to stop Ghost Walter Payton?,1
Why is there a sharp pain in my right arm every time I cough?,0
What tournament is about to start?,1
WTW for when someone leaves an argument because they can't refute what the other person is saying?,1
Why does everyone love Julian?,1
Why do I get sick so often now? How do I stop?,0
Does anyone have any tips for blocking things out of your mind?,1
Anyone else having Lag on NA servers?,1
What is mean by Scenario Based Hacking?,1
Do I need more D vitamin?,0
Why is flour inflammatory?,0
What are your plans for this weekend?,1
Staying in the air conditioner over night increases the frequency of me catching colds. What should I do?,0
ELI5: Why is 'awesome' considered positive but 'awful' considered negative?,1
Why did I get sudden onset neck pain without any injury?,0
"As a player returning after 2 years, what are the current 'must have' addons?",1
What do you guys think of the Pioneer SX-255R stereo receiver as a first receiver?,1
"Who, in your opinion, has the most solid or consistent discography?",1
What Board should I get to meet my needs?,1
"Reddit, I'm taking a second shot at school, got any tips for studying/staying on task?",1
How to wrap text to match indentation,1
"[WP] A future where the Soviet Union never fell, and the United States fell instead.",1
Why does being outside when it's raining or moist cause pneumonia?,0
Gallbladder pain. What can I take?,0
"GP: ""Take thyroxine."" Psychiatrist: ""Your thyroid is normal"". Who do you think is right?""",0
Help with Ear Infection,0
LF: Smeargle but will add anyone,1
How long do sinus infections last?,0
Bloated for a few days even if I did number 2; what to do?,0
What all-app killer tweak are using?,1
What is wrong with my eye?,0
Helped a stranger through a medical emergency tonight -- curious as to what could be a potential cause for his episode.,0
Does having high body temperature increase the burning sensation of scald? Can lowering it make burning fade?,0
What's going on with my dick?,0
Can't tell if strep throat or sore throat or what.,0
What's up with all of the hostility?,1
Sleep for 30 hours,0
Does anyone have a picture of the Grayson Electricity handbill featured in S1E7?,1
Why we're there no large protests about Iraq and Afghanistan?,1
Have you bought a game after Etho played it?,1
Would anyone watch a blog strictly dealing with R/Tress issues?,1
Toe injury not healing. Please answer asap!,0
What happened to Dark Seer?,1
What is your most controversial opinion?,1
Anyone have a property management company taking care of their properties? Any recommendations? (Orangevale area),1
What Is your interesting deformity whether born with it or an accident or surgical?,1
How does this road rash look? (Is it infected?),0
what is the best prank youve ever done or been pranked with?,1
Why does FedEx take so long to deliver?,1
What was your favorite corner moment in 2013?,1
[Q] What causes astigmatism?,0
Involuntary Movements. Tests for years. Please help me find out what's wrong with me!,0
How to cure pinched blood vessel in neck?,0
"I'm new to Reddit, What should I do first?",1
What effects can Hyperthyroidism have on the voice?,0
"Doctor wants gf to do gallstone removal surgery asap, She does not have any pain",0
I stand and talk on the phone all day in a medical setting. My neck is beginning to really bother me. Does anyone have any recommendations for a small bluetooth headset?,1
"[Gear Check] Spent 800m set, how'd I do?",1
Nutrition guide for those of us who are struggling with money?,1
How long do I have to wait to have sex after doxycycline?,0
Had a Balloon Sinuplasty procedure nearly two weeks ago. Still experiencing extreme fatigue and lightheadedness/dizziness. Desperate for relief from symptoms. Any suggestions?,0
What causes an entire household to suddenly have to ALL go on high blood pressure medicine?,0
Any chance of transmitting HIV (or any other STD) by food?,0
"What are the symptoms of withdrawing from lorazepam, will they go away, and how can I alleviate them?",0
Doctors and Med Students: What vital signs are generally most critical to monitor post - surgery,0
how to make Monster not take over 45 minutes to launch?,1
Partial Lateral Collateral Ligament injury to right knee.what is the best treatment available ?,0
anybody else notice the similarities between lorde - royals and meatstick?,1
I need help (PS3),1
What are the chances of MRSA NOT recurring?,0
What is your favorite Jackass stunt?,1
I don't know what happened...(kind of long),1
Why do the video posts come from Youtube and not Roosterteeth.com/achievementhunter.com?,1
Discussion: What do we have in 2014-15?,1
Weird stomach problem please read,0
"What are some cheap, easy things to make on an electric skillet?",1
How careful do we need to be to avoid spreading human papillomavirus?,0
How can you tell a muscle pain from an organ pain or a tumor pain?,0
Anyone on CJDNS over the clearnet?,1
Help with interpreting blood test results,0
What is your craziest break up story,1
What does Caesar Clown say when he laughs?,1
"What subreddit is best for bands like winds of plague, bring me the horizon, suicide silence, and other like bands?",1
What are the primary differences between MRSA and MSSA?,0
What food tastes better with sauce?,1
What is this tiny lump above my belly button?,0
What to do if stitches come loose?,0
"LF Rhydon/Shuckle FS, Will add almost anyone tho :)",1
"Musicians of Reddit: Generically, amongst your peers, who gets made fun of the most?",1
Alcohol and liver damage: How fast does the liver heal itself?,0
What was your best prize pool from arena?,1
What are your epic procrastinating techniques?,1
What are the entry fees for standard PTQ's?,1
Why can't paralyzed people be fixed?,0
What would you consider to be a clinically exceptional reason to qualify for a vasectomy?,0
Ophthalmologists or anybody here: I get a clear overlaid vortex in my vision whenever I go for a log walk or am hypnagogic. I already had my eyes checked out and no satisfactory answers.,0
Anyone know where I can find some hip/durable iPhone 5 cases?,1
What is this random pain in my butt cheek?,0
"Doctor ordered an ultrasound for my liver, does anyone know what this could indicate?",0
"What made you reach 'rock bottom' and if things got better, how so?",1
Projectile vomiting my medication after food posting - what to do?,0
Where the fuck are the items!?,1
How common is chest tightness and pain with acid reflux?,0
What damage has been done to my sinuses?,0
r/boxing. On which side of the cold war are you standing on? HBO boxing or Showtime?,1
Do you have a style?,1
ELI5: why do finger tracings on glass stay for a long time?,1
"Fast food drive thru employees, explain why you guys have cars pull forward early.",1
What's the right way to treat a cold sore?,0
I am an ectomorph and extremely underweight and do not understand how.,0
Would testicular varicose vein cause any difference with stds?,0
"Left leg is swelling, doctor can't figure out why",0
Why are my eyelids yellow? [x-post from SkincareAddiction],0
Looking for Forretres Safari. Will add anyone,1
What would happen if I dangled a strong magnet at the end of a wooden arm attached to an entirely metal toy car in front of said metal car.,1
Jews and Christians: What's with how you treat charities?,1
Why and what do you downvote?,1
4 yrs simple partial seizures followed by what i suspect is a secondarily generalized seizure last thursday.,0
"doctors of reddit my mother feels a sharp pain at the top of her foot and like electricity slowly growing, what should i do?",0
Possible help. My head has been in a different place Im thinking.,0
Night terror - awoke to strangling my boyfriend. Wtf.,1
What dark song do you find beautiful?,1
What time do you usually sleep?,1
What trilogy character do you want to have a cameo in ME4?,1
Asking Research Help .Is there any system in human body to deliver specific substance to specific organ or tissue?,0
Help with a Unlawful Termination Lawsuit,1
"Wisdom teeth extracted today - stitches came undone, continual bleeding.",0
how can I post a picture to reddit from my moto X?,1
What's this rash?,0
Figured out I have Scintillating Scotoma. What kind of doctor should I see?,0
22 - [M4A] - what's up,1
Why am I seeing shit on Benadryl?,0
Where can I find a parka?,1
"I've been swimming daily with a 1.5 month old navel piercing completely covered by a waterproof band aid, how reckless am I being?",1
"High BP, Can you suggest what i should do and not do?",0
How to prepare myself for DMT?,1
What can cause this variety of symptoms?,0
How many genres do you spin?,1
What do you do while Reddit is down?,1
"DAE think that everyone should know how to drive stick, perform CPR, and handle a gun safely?",1
Ultra sound found a cyst on my right epididymis. Is this cancerous and what causes it.,0
What are treatment options for Type D Congenital defect of atlas arch? There isn't much information available online.. :/ thanks in advance.,0
Randomly Generated Groups and Why They're Bad:,1
Any towing companies NOT booked up? Help!,1
Depression after surgical injury - I don't know where to turn,0
Ingrown hair removal,0
"Reddit, have you ever felt extreme secondhand embarrassment? If so, why?",1
"I have constant cold hands and feet until I go in the shower/ warm them up, where I presume blood flow rapidly increases...",0
Can anyone help me with exercise tips with a ripped tendon in the knee? my mri is tomorrow,0
"Redditors, what are your thoughts on the allocation of resources in the education system?",1
"Looking for online ditto friend safari, please.",1
Why would drinking alcohol make a torn muscle flare up?,0
Severe pain and Itching on stomach where liver is located.,0
What are the potential health risks of wearing maxi pads too frequently? (NSFW),0
So my guinea pig died. How do I go about eating it?,1
What are 'uniques' and what do they mean?,1
"What kind of doctor should I see? Back, Hip, Hip flexor, buttocks, and thigh pain.",0
Would anyone be interested in writing a small-scale collaborative novel?,1
"Mild pancreatitis, how to not make it worse.",0
Blood clot(?) in my throat on the right side - what could this possible indicate? (I smoke),0
How do you determine cat scratch fever?,0
Recessive bllod type query. The possibility of causing a miscarriage?,0
Can anyone recommend a good escort service in the city? Price doesn't really matter,1
Has anyone been to a sex therapist? Did it help? I'm a woman who has only orgasmed in her sleep - masturbation or sex does not make me climax. It's ....frustrating.,1
Is the risk of taking a pain killer related to pain?,0
Does anyone know if these meds can conflict together with catastrophic results?,0
Something is stuck in my ear. How do I get it out?,0
I am new to Borderlands 2. Any tips?,1
Why don't people trying to make money off referral programs just refer themselves using a proxy and different email?,1
"What are effective ways to help heal angiodema, face swelling and blistering?",0
"HEyyy, are any of these supplements/vitamins causing headaches?",0
"What are the must do things after your first build? (software, tweaks, etc.)",1
WHY THE FUCK,1
"Reddit, what technology do you hope the iPhone 6 will have?",1
Someone who knows channels on OSU's Cable: What channel is CBS?,1
What's your best socially awkward/awesome penguin moment?,1
"Post your three most hated champions, everyone else say what kind of person he is",1
Blue dots all over body what ARE they? (pics),0
Late 30'sF bowel issues have Colorectal Appointment what should I expect?,0
What are your highest rated and lowest rated comments?,1
Does this exist in mental hospitals?,0
[Venting] This holiday season has been a rollercoaster ride of rapid cycling. Not sure what to think about it. I'd appreciate some discussion.,1
Does anyone actually care that there might be a Velveeta shortage?,1
What is this painful annoying thing on my foot?,0
"Severe Groin Pain, Please Help",0
Reoccurring abdominal pain is back with a vengeance! What to do?,0
How accurate is MFP caloric intake recommendations?,1
I may have taken some antibiotics closer together than I should?,0
Ladies of Reddit; what is the most manly thing you do?,1
ELI5: What the whole polar-vortex thing is,1
Minor inflammation on the flat part by the ear canal – how to safely treat it?,0
"My right pinky is twitching randomly, what's up with that?",0
How come some posts/comments get more upvotes independently of their content?,1
Where to be ?,1
What are my options if gi/pcp deny my referral request?,0
"Reddit, any creepy, funny, or interesting sleep-walking stories?",1
Foot pain near arch area need help.,0
What's a good GPU for 250-300$?,1
"How to find a radiologist to review MRI's, suspect veteran affairs report.",0
"Reddit, what do you know that you aren't supposed to?",1
Will there be any difference with taking expired Ritalin to treat ADHD?,0
I can't sleep more than 2 hours because I wake up struggling for air and coughing,0
Why is Torrenting TV/Movies generally accepted as an OK thing to do?,1
"If a TV Show is rated 'TV-MA', why don't they say 'Fuck'?",1
/r/Fallout has any part of fallout annoyed you? Why?,1
Hand shakes when fingers are extended,0
Rash. Any ideas?,0
How do honey trees work?,1
Pic attached: what is going on with my varicose vein?,0
Why did I pass out after peeing?,0
How do I skip my period on birth control?,0
"Fractured my fifth metacarpal a month ago. Healed and cast is off, how long till I can play tennis?",0
Should I be worried about how I could have possibly gotten hypoglycemia?,0
"[Build Ready] AU$1,100 gaming rig, looking for any advice before I pull the trigger.",1
"Little bit of gauze stuck inside heel wound, what should I do?",0
What is this growth on my finger?,0
Why I love this subreddit:,1
"Ice Safari, LF: Dittos, but will add all I can",1
"If I were to explore a building with asbestos for like 30 mins, what are the chances I get the negative side effects of it?",0
I get blood in my stool during bowel movement. What could be wrong besides hemmoroids?,0
What is hepatitis B exactly?,0
who is the first person to subscribe to reddit?,1
What else does everyone play?,1
What Harley-related gifts could I buy for my Dad?,1
What do you do when you're stuck in the house?,1
[Question] What would be a good anime for me to watch next?,1
does ibuprofen actually helps in healing the body or is it just shutting off the pain?,0
Bug safari (LF Sawsbuck Cacturn and Luxio but will add anyone),1
"Pulse oximeter not stable, why?",0
I'm leading a small group with a Jehovah's Witness. What are some Christian theologies I should have equipped?,1
Best place to level up (not Le Wow)? / What to spend money on?,1
How can I mitigate spending 40K on a masters program?,1
What nationality is Shepard?,1
Stabbing pain in left hip flexors while squatting deep - what to do next?,1
Hiatal Hernia and other issues: what should I expect for treatment?,0
Why am I having sharp and dull pains in my lower left abdomen?,0
What is the best Vitamin D to get,0
What bit me? Very itchy and slightly painful at times. (pic included),0
Adding anyone but looking to get an audino/chansey safari,1
"Reddit India, where should I go to find android and php developers who are willing to work from home?",1
What's going on with Ironman?,1
Bump inside my nostril - what should I do?,0
What to do with my severely chapped lips?,0
What is included in a complete blood count?,0
Why not solve base raping 1943 style? No points for shooting into or from deployment areas.,1
Is anyone good with names?,1
How do you begin healing if you can't afford a therapist?,1
What items should I time-lapse an overnight freeze of?,1
Can you move a broken toe?,0
"Weird mole on head, any thoughts?",0
NEED HELP IN WHAT POKEMON ARE IN MY FRIEND SAFARI,1
Can anyone identify this red lump behind my wisdom teeth?,0
Is there any way to pressure your employer to raise wages across the board without getting yourself fired?,1
How to talk to someone who has recently lost a loved one?,1
How does an artist decide which song will be a single?,1
Can anyone explain the actual way minxodoil(rogaine) can cause rapid weight gain?,0
Steam heater is leaking vapor...what to do?,1
"What are these bumps on my neck, and how can I get rid of them?",0
Can anyone take a guess as to why this wound/area of skin won't stop oozing?,0
What happened in gun shot victims when they succumb to their injuries days later?,0
What drew you to Buddhism?,1
I want ponyta and will add anyone,1
"Cardiology question! Sinus Nodal Reentrant Tachycardia - rare, but what does it really mean for me?",0
What causes boils?,0
Anyone know how to use UIForceModernUI key to force new keyboard in outdated apps?,1
"When your starter 3 day shield expires, how long does it typically take before someone comes to attack you?",1
Why does my heart rate suddenly drop during first part of my run?,0
Need help finishing micro hex build list,1
"Long shot, but does anyone have two ice passes to Dierks Bentley for sale?",1
What could a single day Horner's Syndrome indicate?,0
What's going on with my moms fingernails?,0
"Ladies and gentlemen, in one sentence, what is the perfect way to describe the taste of a vagina?",1
"What NON-serious things could cause crazy high blood pressure and heart rate? (200/130) (already treated, looking for ease of mind!)",0
What was your most mana efficient move?,1
[Serious] What's the most unregrettable/memorable sex you've ever had?,1
Why does my groin hurt when I hike?,0
Weird episodes of neurological symptoms - have you heard of anything like this before?,0
Who is the weakest person who could defeat the Red Hulk possessed by both the Spirit of Vengeance and the Venom Symbiote?,1
What's with the veins on my legs?,0
Where to buy contact lenses?,1
Advice needed please! Full size studio rack vs 500 series lunchbox?,1
What's the worst thing you experienced on any form of public transportation?,1
What the fuck is wrong with me?,1
What Hardware do I really need to make beats?,1
"[m] am i? also, guess my age and where i'm from!",1
How do you guys rack up the coins?,1
"A few questions about my liver enzymes, how the liver heals and cervical cancer",0
"Any ways to prevent getting petechiae again, and ways to shorten the healing time?",0
monster and king cobra taste pretty well together!,1
Lump near taint (I don't know the official word for it). Don't know what to do what kind of doctor to go to etc.,0
What is taking so long in coming up with a way to increase the size of a penis?,0
Why does the Fibonacci series exist?,1
"[Serious] Reddit, what is a good quote about the ocean or beach to turn into a tattoo?",1
ELI5: Why are most anime Americanized?,1
"Elon Musk is a big Isaac Asimov fan, but how influenced is Elon by him?After watching this it's clear; Alot!",1
"Sex with woman who had genital warts, what can I do now?",0
does anyone want to hang tonight?,1
How long Should I keep replacing the bandage on a small cut ?,0
How many surgeries are too many?,1
"Ozone gas poisoning, is it serious?",0
blocked by a strongvpn for using uTorrent. All these years encryption worked fine. Any ideas?,1
What is the best way to make yourself fall asleep?,1
"Yesterday, I took 2 Advil pills, then around my eyes started swallowing...How long might it take it to recover?",0
Wife is very sick and I have no idea what to do. (HELP ASAP),0
"Reddit, what logical things can you not understand?",1
Any one familiar with pipe tobacco AND cigars?,1
What do you consider the best software/advice that is available and affordable to protect your computer from viruses and malware ect.? [Serious],1
What are Reddit's top five favorite things to talk about?,1
Hair loss!,0
Advice on how to help a depressed person.,0
What are some useful item or combination of items that you feel like sharing?,1
ELI5: Why does water feel stingy-cold after using toothpaste?,1
ELI5: Why do I yawn continuously when I start studying seriously?,1
What could cause slurred speech in a 19 year old male?,0
What are some good long range carbines?,1
"gamers with gamer kids, How much do you let your kids play?",1
"Lump under the toenail. Sensitive, sore, no puss or fluids. Any ideas?",0
"If your partner's sex skills were a comic book character, who would they be?",1
Possible listeriosis case please advise,0
Help with H.pylori,0
How important is it to not have caffeine or nicotine before a cardiac stress test?,0
How to edit the text in the lock screen passcode page with iFile,1
Wart? Skin tag? Skin cancer? What is this?,0
What font do you use when typing in Japanese?,1
What's a safe amount of weight to lose in a week?,0
[19M4M] - Any older boys / men looking for a younger plaything or some ageplay?,1
How well can Yoshi hold up?,1
How many times has Lloris been chipped this season?,1
Friend is receiving emails from unknown person about threats her ex is making. What should we do?,1
What is your workout playlist?,1
Anyone knows what does ELI-Viscero-24 screening blood test mean? Does it work?,0
PSet0 - How long did everyone spend tweaking there submissions?,1
"Chronic muscle cramps. Seen multiple doctors, no relief. Any ideas?",0
Magnesium Citrate- when does it wear off?,0
ELI5 How Name Brand Medications And Other Products Sell When Generic is Available at Lower Price,1
27M - When are you taking too many antibiotics?,0
Why does getting the flu shot make you feel so crappy.,0
"Alright Reddit, what is a required shot for a 21st birthday celebration?",1
What the fuck is causing my mom's weird nocturnal neurological symptoms?,0
"Paxil, shortness of breath and increased heart rate, what to do",0
[NY - NYC] Where can I find medical professionals specifically interested in the use of schedule I psychedelics for medical purposes? Both policy advocates and those who administer and do studies.,0
LPT request!! Any advice on annoying deodorant stains anyone??,1
Can anybody help identify this rash?,0
"Who was the best teacher you've ever had, and why?",1
How are these hip ups as a core movement? They seem pretty good and I havent seen them posted before. Seem similar to a dragon flag but easier.,1
"Chest pains, and what is the problem?",0
[BF4] I suck at jets :( Can anyone help me unlock the UCAV?,1
How to gain weight as an ectomorph,1
"Reddit, how is life going positively for you right now?",1
Moderate/severe lower back pains and feeling very fatigued and sick. Any ideas on what it could be?,0
HELP! I feel that I might have developed Post Orgasmic Illness Syndrome. What should I do?,0
Major hairiness.How do I get the right help?(f18),0
"Overdosed on anti depressants as a teen, strange hallucinations ever since, what could be going on?",0
How bad can smoking a cigarette 20 min before workout?,0
Extreme (scary) confusion when tired,0
Recurring sharp pain in inner thigh muscle when stretching.,0
Anybody good at deciphering medical handwriting?,0
How do you pronounce kik?,1
[Mining] Does anyone have experience with mining on AMD Opteron 6380 ?,1
What's the word for the attitude or emotion seen in the famous Tommy Lee Jones NCfOM meme?,1
Why do I get violent hiccups when exposed to bright lights?,0
How do you deal with unreasonable people?,1
I am sick but can't afford a doctor. Any home remedies?,0
What is your best 'you had to be there' story?,1
Still lookin' for a Tyrogue or a ditto from anybody looking for a sneasel or a sableye.,1
Anyone know where i can order food in the next half hour?,1
Any way to significantly reduce these scars?,0
What are the opinions of Jesse Ventura within this subreddit?,1
What are your thoughts about the book - No One Knows: The Queens Of The Stone Age?,1
Anyone can help me choose hats that fit with hazmatenhatten?,1
"In honor of the birthday boy, what is your favorite thing about him or his lyrics?",1
Help with screaming?,1
Why has my body weight gone up when I haven't eaten anything?,1
People who have no capacity to feel compassion or happiness,1
Anyone want to share a dedi/dedicated CPU VPS?,1
What do you do with the boxes?,1
What are your go-to sites?,1
What does doxycycline treat?,0
2014 is the year!,1
"The Mitochondria produces energy in a cell, but how does this energy actually work?",1
Had an infected cyst drained 2/13/18. Does it look okay? It hasn't hurt or itched in weeks.,0
What is stopping an Oculus Rift from being used as a 3D TV for PS4?,1
What's going on with my fingernail??,0
"/r/cfb, what is your early prediction for the winner of the NCG next year?",1
Any Ents in Oxford?,1
"I have a slight, or pinchy pain around my knee when I sometimes press on the ground with my leg, what is it?",0
"Colorectal appointment, what to expect?",0
"If you rub your body really hard, showers are unnecessary.",1
What's your favourite song to mine (DIG) Doge to?,1
What are these bumps on my lip?,0
"Looking for Dragons/Steel, but will add anyone",1
What can I use for collision detection in Love2D?,1
"50 MB Internet clocking only 7 MB, why?",1
need techy help (FM related),1
What is wrong with my right wrist?,0
So what happens if Sam gets sacked?,1
At what time does S3E2 air?,1
[Build Help] How hot should my new build get?,1
Wristpain when gripping and squeezing objects.,0
How much vitamin d should I take if I do not go outside for two weeks?,0
Why does Riot ignore ways that people on your own team can harass you when they go out of their way to make sure the enemy team cannot?,1
Why do I have cramps after my period?,0
what would cause a fever with shaking chills and disappear?,0
[Build Ready]How does everything look? Ready to build after I get some confirmation.,1
"How was church, everyone?",1
[BD] $0.315/1K Any Quantity - Google Wallet,1
How likely is it that my baby will be born with FAS??,0
Any game ideas?,1
How long can my friend live without taking medication for his kidney transplant?,0
How do I go about getting this perscription filled? Walgreens Pharmacy is saying the quantity is too high.,0
Little help with homemade beef jerky?,1
ELI5: How do I torrent and protect myself?,1
[Video game character] How painful and debilitating would this level of scoliosis be in real life?,0
"I (40s F), have just been put on blood thinners. What kind of medicalert jewelry is most likely to be noticed, and what is the best place to wear it?",0
"trembling, dizziness and feeling faint in a weird combo. looking for hints on what to do next....",0
My peripheral vision is better than my normal vision?? What is this??,0
What is the proper etiquette to refuse somebody who wants to hold your baby?,1
What do you do on a Friday night?,1
"To fiction authors, how do you get the ideas for your stories? Do you start with the plot, setting or characters?",1
Is this an STI and what which test(s) should I ask for at the doctor's?,0
Blood in mucus when blowing nose.,0
Predictions on how the Bulls season end?,1
what is this pain in my upper leg?,0
What Causes Low B12 + High Red Blood Cell Count?,0
What will be the price?,1
"Mobile substrate is missing from my packages, what do I do?",1
How concerned should I be of a heart rate like this?,0
Does anyone know the girl or where this gif is from?,1
Anyone have retrograde ejaculation from a cystoscopy?,0
Do I really need a haemorrhoid operation?,0
What's an idea for a reality show you hope to god never gets made?,1
"How serious is a torn frenulum, and what should I do?",0
"Recovered from Stomach Flu, but eating is still tough... what do?",0
Doctors cant tell my sister whats wrong can anyone please help?!,0
What 'gift' would you showcase Indy by for a large group?,1
Can anyone take a look at this bump on my back?,0
Any advice for O&amp;S?,1
What are these painless bumps in my genital area?,0
Why does my scalp get itchy when I eat spicy foods?,1
hematoma trouble?? please please help me,0
"How flexible/strict should I be on my baby being around unvaccinated family, and for how long?",0
Any suggested New Year reads or resources?,1
What's the least harmful way to forcefully lose weight?,0
"I have these moments where I suddenly lose all balance, the room starts spinning, I gain extreme nausea, and become extremely dizzy.",0
What just came out of my nose??,0
Woke up with ringing sound in left ear :( afraid to sleep.,0
Sometimes I forget what it was like...,1
Who is the sexiest Bond girl?,1
What happens when teeth are bumping together?,1
Can anyone tell me what this sensation is?,0
"Tension, dullness, numbness, what to do?",0
Looking at posts on this sub; why is ADHD considered a disorder to be treated?,0
I hear an alarm noise that isn't really there. Nobody else can hear it.,0
Which is the more lethal plague: Captain Trips or Umbrella's T-Virus?,1
I do not know what just happened...,1
16/f/US looking for snail-mail penpals who will respond.,1
My friend is having spontaneous rashes on her face. Anyone knows what's going on?,0
What skin disease do I have?,0
Is Hydrogen Peroxide (food grade) good for health taken orally? Also what about iodine if I don't eat much salt?,0
What are your favorite ab exercises?,1
What is your best I spy with my little eye word?,1
Why is the bone on my face disappearing?,0
How should my jaw be held when relaxing?,0
"Painless rash on right front hip, have seen Minute Clinic and Dermatologist without any definitive cause yet. Anyone else care to help?",0
How do trivia game shows (a la 'Who Wants To Be A Millionaire') decide which questions are appropriate for certain money/difficulty levels?,1
I've been constantly tired for weeks and I'm not sure why,0
Best way to get rid of what I think is a boil?,0
"What would be the effects on our society, if men and women switch their roles?",1
Does Mickey Swear in S2E4 'School Reunion'?,1
Why can't I feel my penis?,0
"Just found out my job is gonna be a loadmaster, any advice for which airframe I should go for?",1
Any advice/ideas for High School Senior looking to run a business 2nd semester/summer?,1
"What happened to GregTech? Seems to not be included in any packs anywhere, even outside FTB",1
How much was RTX?,1
Memory Problems - What are my next steps? (44 year old woman),0
"Domestic violence/abuse survivors of Reddit, what is your story?",1
Where is Half-Life 3?,1
Is it heart burn?,0
Girlfriend showing signs of alcohol poisoning after not drinking much,0
How can government tax Bitcoin?,1
How do I get this painful canker sore to go away?!?,0
JUMP youtube videos to where the content starts,1
Weird identical bumps on both inner elbows?,0
Any danger with untreated Epididymitis?,0
Why did i not skip divisions?,1
Credit/Debt Counseling? How does it work for the average Joe?,1
What is a 'life hack' that you PERSONALLY came up with?,1
Help With Chronic Fatigue/Sleep Problems,0
16 - Male. Pubes falling out. Don't know what to do,0
Why do my pain meds not work?,0
What's going on with my toe?,0
Who is in the test World XI right now?,1
"When I get up too quick and almost black out then my head hurts for hours after, what is happening?",0
How does the Bernoulli Effect work?,1
"Question Time! What do you regret, MLAS1?",1
"Foreign language speakers of reddit, what, in your opinion, is the easiest foreign language to learn for an English speaker?",1
Bodywide migrating joint pain and crepitus? Anyone know anything about vitamin d deficiency?,0
Unknown skin growth on a relative of mine who lives in Afghanistan,0
Convalidation - what to do now,1
CPRS Type 1? Trigeminal Neuralgia? Generic Nerve Damage? Shooting and burning pain in my jaw and extremities over 6 years after full jaw reconstruction surgery. WTF???,0
ELI5: Why does my heart race when I step in a cold shower?,1
What does an antinuclear antibody mean?,0
Why am I getting sharp knee pain?,0
Why did I almost pass out today?,1
"Hoping for a little tech help here if anybody has some clues. Been googling, so far no luck setting up synclient/trackpad settings on boot.",1
Any tips on treating acne?,0
any Naruto?,1
"(PICTURE INCLUDED) Got a sneak peak at my X-RAY... so, what's the dark spots on there?",0
"Why is my stomach shivering? It's really scaring me, please help.",0
Are there any Elin cosmetic costumes that aren't sexualized?,1
What is usually of more concern to an ER Surgeon/Nurse? Blunt or Sharp Force Trauma?,0
"How can I make some money off the Interwebs, Reddit?",1
What is the most dangerous job in the world?,1
Critique my resume - please.,1
"Left shoulder easily injured, pinky and ring fingers tingling. Any idea what this is?",0
What kind of OTC brace is useful for a chronic sprained ankle?,0
PLEASE TELL ME HOW MUCH YOU HATE YOUR JOB,1
What is your DREAM CUT and COLOR? (post photos!),1
"Adding any Pony-lovers, hoping for a Gabite ;)",1
"Employees of Subway, what is the most disgusting combo a customer has ever asked for?",1
Are there any phones coming out that I should save my upgrade for?,1
"HSV Test Results, please help",0
"What about armor pen boots,instead of zerks ?",1
Slow drug absorption& Digestive issues -any insight appreciated!!!!,0
Broke my clavicle. How bad is it?,0
How does bacteria survive long enough in the stomach to make us sick?,0
Need help identifying a specific tinea versicolor treatment,0
What is an echogenic appearing liver?,0
"Struggling to pass gas due to loose stool blocking the way, what can I do?",0
How did the aftermath of World War 2 get cleaned up?,1
Need advice on where to find base building guide resources.,1
Scump is the problem,1
UFC fighter Anthony Pettis posted this picture. Can't figure out where the injury is,0
Do you think India should have two time zones?,1
"Feeling sick, need help. Picture and info inside",0
"Both my grandfathers died of cancer in their 60s, what can I start doing today to lower my risk",0
[NSFW] Not entirely sure what these spots/bumps are on penis shaft and head.,0
Why am I smelling laundry detergent?,0
How can I fix this in the least dangerous way possible?,0
What Semi-Auto only guns are out there?,1
"Have any redditors moved to the developing world to pursue a career in teaching English as a second language (ESL)? If so, can you share your experiences.",1
My 21 year old sister has a 'mass' behind her Uterus. It's not a cyst and she is 8 weeks pregnant. What is going on?,0
What superhero would be the best in bed?,1
What's the Safe time interval between switching painkillers (Ibuprofen and Paracetamol)?,0
When I cough can I suppress the cough without any health risks? I am coughing because of a fever,0
"Should I 33F cut ties with my once amicable 42M Ex? If so, how??",1
Any frogadiers or dittos!!! I have fight,1
Please help figure out what's causing my abdominal pain.,0
Intense pain up arms and in chest when sneezing,0
"Guys, what does it mean to you that you would bring up the possibility of moving in with a girl? [serious replies please]",1
"Reddit, do you know any students accepted into Ivy League (or similar) universities?",1
Could my panic attacks be heart related? What additional tests should I do?,0
How do i help my wife explore her bi side together?,1
How do I know that it's over between me and my significant other?,1
"Anyone want to trade with someone from SC, USA?",1
How do we know we're pronouncing ancient languages correctly?,1
Has anyone ever gotten a free mattress from Mattress World?,1
I have had a hand wart for more than a year. Tried digging it out with an x-acto knife. What now?,0
Breloom? Excadrill? What else is cool?,1
Where might I find super-mini cookie cutters? Preferably about 1/2' in diameter.,1
Ongoing periods where my heart does something? Very confused.,0
"Reddit, if you were given time and money to research anything you like. What would you research?",1
Shifting a cold car in to drive almost immediately. Does this have any negative effects on the motor/tranny?,1
"What books do you recommend people to read as to better themselves, and make themselves more well-rounded?",1
What is the reason my middle toe is the longest? I'm the only one I've ever seen like this.,0
Who do I go for urethritis?,0
Approaching hemorrhoid surgery but can't eat fiber,0
Started streaming would be glad for any advice you can give,1
"General medical question, does fat actually create estrogen and if so how?",0
"100% Packet loss, issues with online gaming.. any help diagnosing problem?",1
Help with VanillaReload,1
What was the twitching sensation in my eye when I tried smoking and alcohol for the first time?,0
I just developed a rash 9 days after starting amoxicillin... what do I do?,0
Nose has been swollen for 2 months!?,0
How long after appendectomy can I have sex / masturbate,0
Can I skip citalopram for 8 days?,0
Citizens of Reddit! What is your favourite music? Why? No judging.,1
What is this knot below my ear lobe?,0
"Doctors of Reddit, what are you doing while am waiting alone in the waiting room?",1
Why is there not a (better) penis enlargement surgery?,0
how to i avoid getting gallstones in the future ?,0
Any questions for gopro @ ces 2014?,1
"Professionals/ Doctors of Reddit, regarding on how to use these products that I bought from Dermatologist.",0
[Help] Stopped gaining muscle and need help - Noob question.,1
"why do i get basically either ignored, abandoned after intial meeting, or never responded to at all by doctors?",0
ELI5: Why don't planes break down midflight like cars do?,1
Last night I was paralyzed in bed for a brief time. Can somebody please explain why?,0
[NSFW] Problem when ejaculating,0
What would cause a Swollen lymph node in crotch in an otherwise healthy individual?,0
Any good Used Cars for under 1000$$,1
"Flight attendants from Reddit, what has been your worse experience with a passenger?",1
Does anyone have a mole like this?,0
How to convince the rest of my league to do a dynasty league?,1
How is Boston as a city to run in?,1
Why am I losing hair?,0
Is the inside of this computer case painted?,1
"How do the following medications affect hormone levels: Adderall, Celexa, Gabapentin?",0
Who becomes the High King after the Civil War?,1
"Burnt my fingers badly but have no access to any creams till tomorrow, any home remedies that work?",0
[22M] Two new moles where I got sunburnt,0
What is this constant cut on my finger all about?,0
"Pressure on forehead during any physical activity, with Acute Sinusitis?",0
Newly developed reaction when eating certain foods,0
What are the recommended medical procedures and remedies for erectile dysfunction?,0
How damaging is alcohol for an apthous intestinal ulcer (Crohn's disease)?,0
? for you drive-through operators: How often have you been part of a 'pay-it-forward' line?,1
What's wrong with me! I'm always taking in more deep breaths and yawns constantly throughout the day,0
"Reddit, what was the best decision you made in 2013? [serious]",1
"What is a good way to find small, but good, lets play channels?",1
What are the wizards' physical abilities and limits?,1
Why does my mind visualize such things?,0
What is blood type O (I)?,0
How do I stop feeling icky/queasy when having blood drawn?,0
"If you had cancer, would you rather have 0% of survival or 50%? Why?",1
"I popped a blind pimple, what should i do next? Picture in description",0
[Troubleshooting] Need help installing antec kuhler h2o 650,1
I need help finding a vocal jazz recording from Bill 'Orange' Lyons (x-post acappella),1
Anybody willing to help me evolve my Swirlix? I'll give you a Chimchar for your trouble.,1
What to do about high blood pressure at young age?,0
FT: 5 shiny Claunchers LF: Any other shiny,1
Rules we need?,1
What is the best way to learn to draw what you see?,1
"If someone could please explain, what causes asthma?",0
Any relationship between chronic lymphocytic leukemia (CLL) and chronic kidney disease?,0
Who wants to kill me? [Rant],1
What country do I look like I'm from?,1
For those of you that have had or have an online relationship how did it go or how is it going?,1
What evidence from your particular area of study do we have of the commoner's thoughts?,1
Why is my scar like this?,0
Who does tK pick up?,1
What is the worst time to start coughing?,1
lol what are you talking about the superbowl was cancelled that year lol,1
Why don't they take pulses from the chest? [serious question],0
Dull chest pain when bending in certain directions and when breathing and such...,0
what is causing me to have common cold every 2 months?,0
Have possible meniscus bucket-handle tear. What is the recovery like?,0
What was the first word or phrase you ever said?,1
Alopecia since 9 years old. What avenues of treatment are available to me?,0
Has anybody here participated in a long retreat?,1
Anybody know if these are worth anything? (Baseball magazines/guides from late 1940's) http://imgur.com/a/2Puvh,1
Which resolution for 2014 have you broken already?,1
"If you could use any line from any movie to end a relationship, what would it be?",1
How to backup information,1
What happens when you donate your body?,0
33F: Severe muscle pain from neck to hip and I don't know why it's happening,0
The age of old question: What does the color of my mucus mean?,0
Firm penis when flaccid,0
It's already the seventh of Janruary. How are your New Year's Resolutions going?,1
Wait a minute... How is this possible ?,1
How to get appetite back from IBD?,0
"Endocrine/Thyroid issues, how to tell what's causing what?",0
"What is the best video preloader? ie: Pocket, but for Videos",1
What are some controversial psychological studies that you find interesting?,1
Constipation (or not?) - what to do next,0
[21/F] What did I do to my knee? Can't bend it straight,0
Mosquito Bite? - WTF,0
How to treat thrush on tongue?,0
"Reddit, what is the best comment you have ever read?",1
Does this need stitches?,0
Why should heating packs only be applied for a maximum of 30 minutes?,0
What are some reasons American football referees would throw their hats during a play?,1
[Build Help] Is this case any good for the price?,1
How long does it take to get placed in the industry?,1
"Ongoing evolving sickness for almost 3 weeks, whats up?",0
What are your favorite/current smart phone wallpaper?!,1
Moving back to Evansville for 3 years. Any Bonsai enthusiasts out there?,1
What is the difference between nasal and temporal fields of vision?,0
Lower back pain is ruining my life. Any advice?,0
"Quick question, why are my vehicle unlocks showing up in game but not on my Battlelog?",1
What is wrong with football coverage in the UK?,1
Help with Goggles,1
"How big is the chance of catching an untreatable bacteria while traveling to Thailand, coming from europe?",0
Lexapro (escitalopram) withdrawl? How long will this last?,0
Cincinnati natives - what makes Cincinnati great?,1
How many Videos should I upload?,1
"Thinking of minoring in computer science, anyone have this as a minor?",1
How do I get bugs out of my ears?,0
Why do I get Laryngospasms and are they hereditary?,0
How long do I wait with back pain?,0
[Challenge] The Story Time Challenge,1
For fellow Christians who are the religious minority...,1
"How do you determine your blood type, if you're not allowed to donate blood?",0
Why do my cheeks tingle when I eat something good/sweet at first bite?,0
wtf is this rash? itches like hell and appeared randomly,0
Wheezing when breathing in deeply,0
What else can I do to eliminate/reduce my debilitating anxiety?,0
"I always boot into safe-mode, but restrings works. why?",1
Are there any teams that can do Super Golds quickly and safely?,1
"How to find a Doctor that practices functional medicine within the UK, Scotland.",0
How do i 'wean' off vitamins? i tried once and my skin became wrinkled,0
Hey West Coast Canucks! how are those BRODIE bikes?!,1
What is wrong with my friends finger?,0
Why do alcoholics choose to stay drunk when they're sober and can make rational decisions?,0
What can I do to avoid these nail infections?,0
What are some decent mid-to-high end routers on the market?,1
"I've vomited, tips for what to do after?",0
"Women who are experiencing/have experienced painful sex, vaginismus, dyspareunia, vestibulitis, etc...",1
Bruised liver? How much pain is too much..,0
Are there any health benefits to drinking distilled apple cider vinegar?,0
Fingertips may be partially frostbitten,0
How Much Sleep Is Normal / Healthy After An Operation? Also Issues With Taste Of Food & Low Saliva - Help please :),0
What would be a reason consuming stimulants(such as coffee/energy drinks) makes my thinking sluggish but of ethenol clears my thinking.,0
How do NRI's treat anxiety and panic?,0
"What happens if I took a piss outdoors, at -50 degrees c?",1
"What is Your Favorite Movie and Why? (Discussion, not List).",1
Anyone else super excited for Dragon Age Inquisition? I am especially with David Gaider on 'our side'!,1
I'm curious. What does a clean STD microscope slide look like?,0
Vascular surgeon not board certified and has been practicing for 17 years?,0
Friends five month old needs help!,0
How to get rid of a sinus infection for good?,0
How much would you trust the info on treadmills heart rate wise,0
Why does my chest hurt?,0
Help please,1
What does a clear abdominal CAT scan rule out?,0
"Cervical annular tears, what am I in for?",0
Longer leg hair after wearing socks?!,0
When I fall asleep my body shakes and jerks until I get into deep sleep. I also do this when I'm awake. What is going on?,0
Can anyone help me root my shield,1
Need help replacing oil tank vent alarm,1
"How do Stranges, Vintages, etc. work?",1
Opinions on what this could be? (Opthamology/Rheumatology),0
What build are you currently playing and whats your iiq/iir? Do you have a dedicated MF toon?,1
How long is break through bleeding on birth control normal?,0
Firewall Problem please help!,1
Acute malignant o-WHAT?,0
extremely shallow breathing and sweating when asleep,0
Why do I feel sick when my heart starts acting up?,0
"Hey guys, what do you wear to run in the cold weather?",1
"[Serious] Doctors of reddit, is there any new breakthroughs of treatment for osteogenesisimperfecta?",0
"I have an excessive face sweat issue, what could be the cause?",0
How do I save my potted plants from cold and wind damage??,1
"Are you an otter, wolf, jock or bear? Too funny!",1
What birth control do you use and why?,1
How to test for dyslexia without confirmation bias,0
[AP World History] I need help with a Comparative essay,1
What would cause an automatic transmission to explode?,1
How are we made of stardust?,1
Can I take an ibuprofen for a headache 4 days after quitting a drinking problem?,0
Why do i get a bad headache when i don't eat enough during the day?,0
"I was promised a promotion, and now it's being pulled out from under me. What do I do?",1
What is the treatment for people with high Agatston score?,0
What kind of rain gear do you guys use? Any suggestions?,1
What is biting me?,0
What are the biggest problems that make gamedev difficult?,1
Did anyone else's HM slave become a powerful pokemon?,1
ELI5: Why do I perceive differences in warm temperatures better than I perceive differences in cold temperatures?,1
Jaw surgery (Note:Why is nobody answering for the 4th time?),0
What are these spots near my bellybutton?,0
What is an app that you have always wanted but can never find?,1
"Explain how winning isn't everything, like I'm a really disappointed Phil Rivers and you're Jay Cutler who just beat me in the SuperBowl but couldn't care less",1
white clear fluid where penis head connects with foreskin,0
"How did the universe start at a single point, yet is 'infinite' by some theories?",1
How do I avoid addiction on a long term prescription?,0
What's going on with my eye?,0
How long are CBC tests accurate? Normal blood work two weeks ago but now experiencing what seems like petechiae?,0
[H] Two (2) Male 6IV Adamant Shuppet with Disable [W] Any 6IV Male with two (2) egg groups,1
what can i draw for my art?,1
Need help with my pokedex FT: any pokemon i have that you need :) 6th gen,1
What happened to me? Did I go into shock?,0
Boyfriend and I going off to different colleges next year...,1
How did the European crisis develop the last 6 months?,1
What happened to the homosexual with amnesia?,1
Why is the community for this game nonexistent,1
What's this on my penis?,0
Multiple weird spots in skin/bug bites. What could they be?,0
Why do I have elevated liver enzymes??? (Xpost from r/AskHealth),0
I screwed up with a bootcamp partition and can't figure out how to fix it. Please help!,1
Carboxytherapy - is it safe?,0
What should I do to help heal this burn?,0
"How do you sort out what you can't do from what you won't do? Can you? Because srsly, I'm struggling with that.",1
What are common medical problems related to cardiovascular disease?,0
"Anybody who has a means to possibly contacting Jason Segel or somebody he knows, this is for you.",1
Fell on ground and couldnt move any muscles.,0
"Ordered a damaged Nykthos, got it in the mail today. Anybody recognize the signature on it?",1
"Reddit, what is your guilty pleasure? [Serious]",1
[22M] How would working a night shift affect my wellness?,0
25/M about a month ago I noticed this thing [pics in post] on my scalp and it hasn't gone away since. What is it?,0
To what extent does exercise help in treatment for Parkinsons disease?,0
What is the funniest misunderstanding using voice input you have experienced?,1
"r/askdocs, what are your opinions on ayurvedic doctors?",0
"Reddit,What is the funniest case of accidental racism you've ever seen?",1
"Very annoying Tonsillitis infection since May 13th, what else can I do?",0
Can body fight off STI naturally?,0
"What happened to my back? Sudden, acute pain...",1
Any experts on POTS and/or dysautonomia?,0
Any Florida Officers on here?,1
What is your favorite website and (if at all) how would you like to see it changed or enhanced?,1
ELI5:Why can humans see different colors while other beings cannot?,1
ELI5:Why does inbreeding cause genetic defects?,1
Why does my nose get stuffy/sniffly when eating soup?,1
i've been shivering instead of sweating. wtf?,0
What does this say my blood group is? 'O Rhesus O Positive'?!,0
What are some of your favorite stand-up specials currently on Netflix(or just in General)?,1
"DVT Symptoms, what do you think?",0
"So my ear is really starting to hurt, probably built up wax. How can I fix it?",0
"I take a fair amount of prescription medications daily, what foods, supplements, nootropics, and things of the sort should I avoid?",0
"19m, scared I may have contracted HIV",0
What do people take for pain who can't have NSAIDS or Tylenol?,0
"Underarm lumps? Help, please.",0
Itchy skin when I exercise,0
"Hey guys, how about a CB.",1
What do our reddit docs AND general public think about traditional Chinese medicine (TCM)?,0
[Genitals] What is this bump on the shaft of my penis,0
What programming languages are most used in a Computer Science based program?,1
This is how my WoW addiction began,1
How exactly do I use this GoPro mount?,1
What does my history and recent testosterone test results mean?,0
Wondering what type of rash this is (pic inside),0
"I've had two false positives for syphilis blood tests recently, and have ruled out several possibilities for what might be causing it. What blood tests should I request from my physician next?",0
Post open appendectomy followup- who to see?,0
What was your weirdest dream you ever had?,1
Pulled mid/left back muscle four times in past six weeks - what stretching/exercises are best?,0
"Going to Mexico in a few days, what beers do you recommend?",1
What do you do to stay healthy? (Serious),1
What is something that totally made you lose hope in humanity?,1
What is this rash my sister has?,0
What's a good fantasy book series with a female protagonist?,1
Why bother with a Gyno.,0
What really happen to your body when you lost your consciousness? Does your body and organs work the same after being in critical condition?,0
Weird dreams when having the flu,0
What is your favorite physical game?,1
Does anyone knows a website that sells Japanese YGO sleeves?,1
I have two sperm granuloma's. Please advise.,0
Mining issue: any suggestions?,1
What is something you would kill for?,1
What are the chances of keeping my ovaries if I need a huge mass removed,0
"LF: squirtle, adding anyone, also could someone tell me my third poke?",1
What's the stupidest piece of broscience you've ever heard?,1
Mystery Illness/Many Symptoms/No diagnosis NEED ANSWERS,0
Help with Pituitary Tumour side effects?,0
why do most cases include 3-5 DVD drive bays?,1
[20M] How do I look in this picture?,1
"help figuring out whats wrong with my, what medication / food safe to consume",0
What can happen if you scream with a lost voice?,0
"What could cause nail pitting besides psoirasis, arthiritis, and Alopecia areata?",0
[21+] what would happen if i inject syringe air into my arm's vein? Does it hurt?,0
Did life improve after you left everything and moved?,1
What would cause charlie horses in feet when your feet get wet from rain?,0
How do I make a for-loop wait for user input before continuing?,1
"Hey docs, how bad is an occasional cigarette?",0
"LF Excadrill and Eevee, but adding anyone!",1
Customers of the world: What's the best way you've ever been compensated for bad business/customer service?,1
What single song have you listened to the most times?,1
Can't remember who this red head is,1
Can't sleep,0
Help with vitamins,0
What is this pink spot on my foot?,0
Is the Sphenoid bone movable in the human skull?,0
Lake water up nose. What is the real risk?,0
The Raconteurs' Steady as She Goes sounds a lot like Joe Jackson's Is She Really Going Out With Him,1
What is it called when a baby's feet were abnormally folded since birth?,0
"GF Has esophageal trush, she is terrified.",0
Anyway To Reduce Pass-thru Input Lag When Playing Xbox 360?,1
What is the thing your team needs to improve on most as we head into conference play? What do they need to fix before March?,1
Is G400s and Roccat Taito a good combo ?,1
How do I know if my dogecoin-qt wallet is the right version?,1
Why does my fingertip sting?,0
How do I rid myself of ear congestion?,0
What is the best way to get over an ex?,1
Help with killing Rorarii?,1
What do you think about this psychiatrist?,0
Possible gallbladder attack? What questions/info to give my doctor tomorrow,0
"Extremely bloated, shortness of breathe, My spine feels heavy, feels like I ate an overinflated basketball. What is going on with me?",0
What's the best way of removing a cyst?,0
Why is LHR not classified as permanent removal when it supposedly kills the hair follicle?,0
How to be a Skulk: Wall of Text Version,1
What can I do to prevent/reverse possible heart disease,0
Strange symptoms after cocaine use. Did I do damage or am I being paranoid?,0
What the hell is on my tongue?,0
Uncontrollable shaking hands. What could this indicate?,0
Blew my nose and instantly felt dizzy and fell to the left side. What the living hell happened?,0
Why is my skin constantly hot now?,0
How longer after worming treatment is it safe to have sex?,0
Which is the better movie: Anchorman or Old School?,1
Are there any odorless or near-odorless chemicals that can trigger a migraine?,0
How should I expand my horizons and become more knowledgeable about rum?,1
"[Serious] Reddit - For those of you who cheat on your SOs, what rule(s) do you have?",1
"Ok that didn't work, how about Emma frost code for a Loki code?",1
What are some of the best legendaries for Priest decks and why?,1
Does having a pet impact a newborn in anyway?,0
"I often have false memories, what could be the reason?",0
Cut my foot open on a razor blade and I'm unsure what to do with it now.,0
Is exhaustion an actual medical diagnosis? If so what are the symptoms and treatment?,0
What's a clever senior quote (preferably an innuendo)?,1
Wtf!?,1
Anybody been to a Killing Kittens or a Fever Party in the UK?,1
Do you guys prefer crunchy or creamy?,1
24 m4f - whats the weirdest thing you can hang from your nipples?,1
GGT levels over 900. How dangerous is this?,0
Random clinic doc said I have low sugar problem. I'm not diabetic - what is there to do?,0
What's the 'pay' for summer research as an undergrad?,1
I ripped of the nail after a subungual hematoma because of stupid impatience. Now what?,0
anyone want to swap mix tapes,1
Left thumb numb for hours out of no where.,0
Add anyone! just help me find my pokemon,1
What's causing my abnormal poos?,0
ELI5 Why objects in the mirror are closer than they appear,1
How do I ask for STD testing?,0
Does anyone know how they did this shot in Breaking Bad?,1
After he files a response what do I do?,1
How can I get records of my hospital admission?,0
"Reddit, what is your creepiest experience you've ever had?",1
What do historians know about the reason for the Cimbri and Teutons attacking the Roman Republic?,1
Anyone and Everyone,1
How does Chromatic Lantern work?,1
2Smokers - whats a good early 2000 2smoke?,1
Scary reaction to nitrous oxide... Have you seen this before?,0
What might this skin growth on my aunts hand be?,0
What's the deal with stuff degrading?,1
"Help with indigestion? (bloating, belching, burping)",0
"[16 M] 2 days ago, I started having blood in phlegm, wondering what it could be.",0
Why does my face look like this when I wake up some mornings?,0
Should I start a Vsauce/CGPGray/vlogbrothers type channel? Good idea or not? Any partners? :D,1
What are your best websites for buying Mods?,1
How severe is my blood work?,0
So how's the new Xbox One controller compare to the 360?,1
The great male dichotomy: Why being male sucks: Why we make each other great.,1
Anyone else think Depo Provera was a HUGE MISTAKE?,1
"If you could have a one night stand with any guy at roosterteeth,who would you choose?",1
Why is my ear shaped this way?,0
"Reddit, how do you comfort yourself about the idea of dying?",1
What's wrong with my hearing?,0
"(23 years old) Breathing anxiety, what to do?",0
What's the worst thing you did as a teenager?,1
"Less minor medical issue - what say reddit docs? (Wall of text, much appreciate you reading)",0
What was the most ridiculous reason you've gotten detention over?,1
"Is there any means to suspend release of a medication for extended periods of time? i.e. take a pill at midnight, pill's effects kick in at 6 or 7 AM?",0
How long will tar stay in my lungs?,0
Do you know where I can watch AoS live?,1
How do I get over my body image issues?,1
Have CPAP machine but oxygen levels still dropping below 88% at night. Constant swollen face and body after sleeping. What could be the problem?,0
What risks do I face with untreated psoriasis? (Looking for dermatologists input mainly),0
I'm a health freak and wanna know how bad a pizza a week is?,0
Occaisional heart(?) pain when i take deep breaths? What could it be?,0
Skin lesions - how urgent?,0
Doctor said I had genital herpes...,0
[Serious] What skill/knowledge/thing do you want to learn before you die?,1
How do I find out which doctor provider is good?,0
I've always had a runny nose as soon as it's getting cold outside. What could be the reason?,0
Please help symptoms lasting years,0
Cold sore. Drinking glass. Dishwasher. Is that enough?,0
Sustain pedal plays note when midi?,1
Why would a steroid make my face LESS puffy?,0
Any good conspiracy podcast?,1
Why is it so hard to get rid of fat?,0
Purplish area of skin near knee toward the back of my right thigh–any ideas of what it is (or what's causing it)?,0
Right woman having to go left handed. Any tips? (X-post r/makeupaddiction),1
How should I care for my broken tooth before I can see a dentist?,0
Boyfriend has sudden onset excruciating back pain. Not sure what to do.,0
What's something about you that is peculiar?,1
What happened to 7ckingmad's blog posts?,1
Please help. 2nd degree burn.,0
What does 'A small population of cells with dim CD45 expression is present' Mean alongside elevated monocytes? Having trouble interpreting a lab report.,0
"[VT] Zell, Jullian, Stiches, Chrissy, Colton [FT] 7-11 set and/or Bells [LF] Lolly and MARSHALL!! D':",1
Can anyone try these?,1
ELI5: What's the difference between boiling water at sea level and on top of a mountain?,1
'Who leaves a wedding early?',1
What's wrong with me emotionally?,0
"In a post-apocalyptic society, how wold humans treat each other?",1
Vision: The color white on myself looks green. Why?,0
Why does my throat feel cold when I eat or drink?,0
Why are toilet bowls round in shape?,1
Why do they not clean the roads in this state?,1
Urinary issues.. any ideas of what this is?,0
Help with SSD cloning Sony Laptop Raid0,1
Does anyone Have a Spare Code?,1
Can bacterial tonsilitis go away without antibiotics?,0
What do you think the difference is between cyberpunk and dystopian science fiction?,1
Diabetic Father is getting 'burning' sensation in his palms / hands and feet especially at night. Any Pre Consult Advice?,0
"Religious followers of reddit, why do you do it?",1
How do I go about finding a new doctor specifically a good one?,0
Where to buy Paranoia?,1
Any idea what these bumps might be?,0
ELI5: What is cryptocurrency?,1
"Getting evaluated for ADD soon, what should I expect?",0
How common is a flushing/red face?,0
Just bought a car: what are some fun things to buy for it? (Other than bumper stickers or air fresheners?),1
Can someone give a newbie a brief explanation on what these terms mean?,1
Does anyone else find that the One's WiFi range is pretty short?,1
Does anyone know what this red bump in my pubic region is?,0
What chords are these?? (video),1
I feel like I'm being taken advantage of at work. Can anyone help clarify regarding holiday entitlement?,1
Help with Oneitis.,1
How would one ask for an extensive checkup after 10+ years of no medical care.,0
when are eggs no longer safe?,1
how Do I stop Mouth Breathing? I have tried mouth taping but it comes off,0
I'm looking for a video involving what I think was Danish special forces?,1
Can you tell what kind of burn this is?,0
"When I sneeze a few times in a row I get suppppper hungry, regardless of if I just ate. Why is that?",0
Anyone excited about or getting the new 35mm f1.8G lens?,1
What are some good sources to add,1
Where to find LFC Games to download for an ill old LFC fan,1
"Noob Question, but how would a deck like this win?",1
How do I get checked for different types of cancer without a family doctor?,0
"EILI5: does semen act actually improve mental health of women when swallowed, if so how?",1
"I just got HBO Go, what are some HBO series worth watching?",1
Is anyone else having issues with the AGDQ stream?,1
How can you be sure that you've been friend zoned?,1
My left testicle has been hurting for about a week now,0
What are your favourite meals from your country?,1
"[URGENT] please help, having hallucinations, please tell me it's the medicine I'm on",0
How can i convince my GP to refer me to a colorectal surgeon?,0
Does anyone know about drug hypersensitivity/ reverse tolerance from a damaged blood brain barrier and how to treat it. Suffering with severe headaches for years.,0
Is there anyone here that was formerly a SJW?,1
What's wrong with my throat?,0
What could be the cause of pain when n the back of both hands?,0
The skin around my nails are damaged because of my nail biting habit. What do I do?,0
ELI5: Why are humans the only animal to have evolved with the ability to communicate in such great detail?,1
What is the best way for an attorney with finance background to set up an a joint RIA/Attorney's firm?,1
Experienced Subungual Hematoma (Bleeding under toe nail). What should I do now?,0
How long will I be contagious?,0
"Two months without period, very weird symptoms: What could this be?",0
What does an anni go for on this server?,1
WTF is wrong with my ears?,0
Anybody know/run any PC servers that kick for things such as MAA whoring from spawn?,1
"Reddit, Why is there physical pain when you're in love?",1
Need help with dog walking-- small dog.,1
Medium chest pain when taking a breath,0
Does anyone know what percentage of benign tumors metastasize? Is it even possible?,1
Recent surgery. Developed staph (likely MRSA) infection. How do I know if I'm getting sepsis (while taking midodrine)?,0
Burning sensation when I urinate,0
What did I just do to my arm (post-workout ),0
4e: I need help interpreting item property...,1
Flash Discussion: Where's Wally West in the New 52 to you? How do you want him to enter.,1
Does anyone have a VTX3D R9 280x GPU? I'm finding it difficult to get information about it.,1
What are his 'finishers'? ie things he does to make you cum faster if he's ready for sex to end,1
Fade Xross Media Bar? Is it possible?,1
What's your personal definition of short-term dating vs. Long-term dating?,1
Can you guys teach me how to fish with Big?,1
"Kidney infection, how serious?",0
"Aching pain I used to get as a child in my foot started happening again, what could this be?",0
Was what I experienced last night a minor heart attack or a panic attack?,0
Is there any evidence that typhoid or dengue fever have secondary side effects at one year intervals after the first instance of the disease,0
Looking for advice on how to deal with Churg Strauss Syndrome,0
What are the consequences of 'overconditioning'?,1
LF: All Dark type safari,1
Any good places to eat/drink in Palermo?,1
Any risk of nerve damage?,0
weird stain i had for more than 3 weeks. what is it?,0
"Doctor said I can take Tylenol Cold for some symptoms and Benilyn for others, does he mean in combo?",0
About to purchase FFXIV what server should I choose?,1
What's your favourite new Skylander?,1
Does anybody know any historical names with a cool meaning?,1
How to manage an almost-hernia?,0
Help with Micro G pen.,1
What are some less obvious ways to order a virgin drink?,1
What do you consider as being totally geared out? What weapons / clothing / items?,1
What CO2 systems for planted tanks do you use?,1
"Girls who have done amateur porn and now regret it, how did it affect your life afterwards? [Serious]",1
What is the best song to listen to when doing NOTHING?,1
Why does hypoglycemia have to be medically diagnosed and not self diagnosed?,0
ELI5: What is a Hipster and why are they so controversial?,1
"'Limited Infinity' I'm content, How are you?",1
Anyone want to trade china rising for my project spark beta code?,1
How fast does Pink Eye set in?,0
"[28 m] Loud noise exposure. Felt like something snapped in Left ear. Now have severe ringing, pressure and noise sensitivity. Doctors shrug shoulders. What is wrong?",0
"Muscle Enzyme CK is high, what should i do about it?",0
Where should we share and promote custom races and deathmatches?,1
OZ DJ my event please?,1
How much extra sleep with a cold?,0
What is the reason you were born ? [silly],1
What is this swelling/inflammation on my face?,0
Help with Fire Fists + Smokescreen?,1
"Redditors of reddit, what is the most redditiest thing you have seen?",1
Why do I [18F] bruise so easily?,0
"My hands hurt after going to the gym, any ideas why?",0
What's the biggest mistake made by mankind?,1
"Rough estimates on time frame for stage 4 cancer patient, and what options there may be.",0
What happened?,1
What guitar should I buy?,1
What is the most vivid or craziest dream you've ever had?,1
"People of reddit, what are you guilty pleasures?",1
What's wrong with me?,0
"so is the grumpcast what we're having for the whole day, or two more things?",1
Any news when Sony wireless headsets will work?,1
What song would make for an interesting film adaptation?,1
What helps you sleep?,1
What's going on with this protruding muscle in my shin...,0
Where can I sell my site/domain?,1
I'm considering deep brain stimulation for treatment resistant depression. If anyone could weigh in on this big decision...,0
Feeling very sick after week of bad decisions - What is going on?,0
Could I just be dehydrated? Feeling like heart palpitations or flutters but not sure why.,0
"My boyfriend just ate two large pieces of raw chicken, what should we do?",0
"Gamers of Reddit, what video game have you played through the most times?",1
[NSFW] Why is the skin around my peehole look weird???,0
I broke my fibula what should I do,0
Any IV bred pok\u00e9mon for shinies,1
What documents do doctors charge for?,0
21/F - What do you think?,1
Why do chicken coops have only two doors?,1
What do you do for your girlfriends 18th birthday?,1
Eye hurts when I blink,0
[6th] LF: Any breeding leftovers!,1
I can't see in a specific angle on my left eye what could have caused it/what could i do to take care of it?,0
Do I need mental help?,0
I piss sperm when using vyvance,0
HELP! I plan on backpacking Europe in a month or two but I have nothing planned. Where should I start?,1
23 [M]. 6'3'. Never gotten a rating before. What do I look like? [+],1
ELI5: What problems do cockroaches and other 'household pests' create in our homes?,1
"Who to believe, should the ER and doctor have ordered a CT/MRI?",0
Why did God create Evil? (a theist's perspective),1
"Brothers,I need your help.",1
"M, 22, Recent bouts of what I think is acid reflux?",0
How to fix wisdom tooth headaches? 22/male,0
What could be causing pain in neck/shoulder?,0
Is there somewhere I could research how certain surgeries are done in great detail? like a website or textbook. Maybe something like what surgeons would use for review.,0
I'm a British deserter on the Western Front during WW1. While trying to escape the trenches I am discovered by American soldiers. What happens to me?,1
How not to get a mental breakdown with chicken pox as an adult,0
"What makes some materials (glass, diamonds, sapphire) transparent and others opaque?",1
Azithromycin and Alcohol - how soon can I have a few drinks?,0
Why do certain skin products make me notice a bad smell on my skin?,0
TIL How to change Master Gee's targets.,1
POV where man is silent and somewhat of a story?,1
"Looking to get into Classic Who, but...",1
"I'm getting a circumcision tomorrow due to issues with tight foreskin, how uncomfortable should I expect to be?",0
What are these itchy red bumps?,0
[WP] Write a few paragraphs from the perspective of someone who's interacting with themselves (time travel or what not)... without differentiating from the two perspectives.,1
What a man sees VS what a woman sees,1
How do I get a diagnosis removed from medical records,0
Does anyone know where I can get some Youtiao,1
Looking for a Ditto mainly but will add anyone!,1
Why do some people have really dilated pupils?,1
"Cervical Adenocarcinoma, What is a multifocal (skip) lesion?",0
What kind of activities can help alleviate cognitive deficits for schizophrenics?,0
Will getting a hormonal IUD work just like my birth control pills? What is the procedure like?,0
Resting heart rate dropping after changing diet. Is it safe?,0
"Help: Dug a small, black, pea-sized pebble from my calf. Pretty sure it's naturally occurring. What is it?",0
What fact always cheers you up?,1
What's the most inappropriate thing you've done at work?,1
Who in Miami is excited about Thursday's retro screening of KILLER KLOWNS FROM OUTER SPACE at the AMC Aventura 24?,1
What is your biggest regret?,1
Who's the best streamer who plays support?,1
If you were a master criminal what would be your calling card?,1
Why isn't L-Arginine pushed more for circulation issues?,0
Hard to take pills...... any suggestions to make it easier?,0
What songs are predominately...,1
Is there really any danger living near an electrical substation?,1
"What is wrong with me? 25m, stomach issues.",0
"I'm [24/f] making conversation hearts for my boyfriend [25/m] for Valentine's Day, does Reddit have any cute ideas?",1
"[Unknown Safari] Will add anyone, looking for Hawlucha.",1
Question: as an outsider looking at property in Europe I sometimes see 'FAI' at the end of a price... what is this? (e.g. Price: 299.000 \u20ac FAI),1
Iv'e been experiencing steadily worsening memory problems and i'm not sure what to do,0
How did your parents punish you?,1
Help with textures.,1
how common/likely is it for someone to get a throat infection after having unprotected oral sex (gave the girl cunnilingus) with a prostitute?,0
(xpost from r/brownbeauty) How do you use all three colors of your Hourglass Ambient Lighting Palette?,1
What if my dealer got arrested,1
"I'm new here, can anyone help?",1
Servers stop working again for anyone else?(PS4),1
What are the greatest ever pub quiz team names?,1
"Car dealership employees, how can the buyer get the best deal on vehicles?",1
"Girls of /r/GoneWild, how do you feel knowing there's a good possibility many of the people looking at your pics are underage?",1
Why is my friend with Grave's disease given a thyroid replacement drug if he already has hyperthyroidism??,0
What is going on with my scalp?,0
Awesome fight manga recommendations please.,1
Questions for ex-first timers. What have you learned?,1
Episode where it hurt to breath in?,0
I can't tell what this lump is,0
Can an Oblique Meniscus Tear/Bucket Handle Meniscus tear combo heal without surgery?,0
What did I do to my toe?,0
I've just recovered from being sick with what was most likely Rotavirus. Can I bring home guests without them getting sick?,0
How long can i use 1% triamcinilone to my eyelid?,0
Why does soda help my hernia?,0
What is one thing you will never change about yourself?,1
So what's the deal with Colorado street prices now?,1
Girlfriend passed out 3 times yesterday and we don't know why.,0
peritonsillar abscess drainage aftercare.. please help,0
Throw away account... What is this on my lower back?,0
Why do one of my eyes have a downward diagonal slant?,1
F(16) pain when ovulating?,0
Why don't other nations run a sovereign wealth investment fund like Qatar?,1
"I have too many goalies, who to drop for Quick's return?",1
Anyone on here know anything about fasciotomies?,0
"Having testosterone problems, wondering if any reproductive endocrinologists could help out?",0
"Mild skin burn, how to make the texture back to normal?",0
IWTL how to live off the land.,1
I may have just accidentally vaped hand soap. What do I do?,0
Intense dizzying headaches? Nausea? Fatigue? What should I do?,0
How long will my natural hair color return after using Manic Panic?,1
[16M] What is wrong with my knee? Please advice.,0
To what do you attribute the growth of this subreddit?,1
My bf's [21] dick has been going numb for about a month now. (More in post),0
[H] Corrupted Raider's Patch [W] Any Frozen Apostle Part,1
"Dear redditors, What would you do differently if you knew nobody would judge you?",1
"LF: Luxio, Tropius, Zebstrika and any fairies",1
"Students of Reddit, where does your mind drift to when you realize you have no idea what is going on in class?",1
"In a relationship, what is the difference between 'keeping secrets' and personal privacy? What is and isn't a person obligated to disclose?",1
What's the dumbest tweet you ever saw?,1
What happens to a car when it is abandoned during a blizzard/bad snow storm?,1
You know those stories where everyone gradually forgets about someone close to them to the point where that person vanishes from existence?,1
My friend died from Budd-Chiari Syndrome. Does anyone know anything about it?,0
"(x-post r/asktransgender) I wasn't sure where to ask this, but I have a medical question that's got me scared (a bit NSFW)",0
Am I under or over-reacting? How to find compassionate gynecological care? Extreemly painful periods / IUD / Lactation,0
How do I Get Rid of These Pains?,0
"Transient Patellar dislocation, do I need surgery on my knee? What are my options?",0
How much swelling is normal after knee surgery?,0
Need help identifying a pair of nikes,1
"Eye floaters - are there any vitamins I can take, eye washes I can use, ANYTHING to help reduce them? (M, 37, 200 lbs, 6'2 nearsighted wearing contacts during day glasses at night)""",0
I just had an appendectomy how long before I can use tobacco?,0
Anyone familiar with this old justification?,1
What's the funniest thing you inadvertently spoke or messaged to the wrong phone or email and what was the result?,1
Pain when straightening knee,0
Club Nintendo.. Why..!?,1
How to increase myopia eyes diopters?,0
Any ghost types out there? Will add everyone,1
What's your worst regret when it comes to ' I should have said...'?,1
"I want to lie about getting a gastric sleeve, what other surgery has a similar recovery time and recovery restrictions?",0
Anyone selling books for Black Studies 170 or Math 6A?,1
"Dollar for dollar, what's the best purchase you ever made?",1
There are a lot of bonuses to being human. What are you exploiting?,1
Why might I feel my blood sugar spiking so much?,0
Binge drinking - I have to stop,1
How to deal with tired eyes and awake brain,0
"Rugby injury resulting in nagging back pain. Diagnosed as minor fracture of 8th rib, however radiologist does not concur with diagnosis.",0
Who is your favorite porn star of all time and why? [NSFW] [Serious],1
How bad is this? Do I need to see a doctor? I don't have access to medical care :(,0
[Troubleshooting] Please help!,1
Is it safe or effective to do home teeth whitening?? has anyone had any experience with this?,1
How much damage is city fumes and second hand smoke going to do to my health?,0
Yet another APAP (acetaminophen) question regarding max dosage. Wondering how much I should worry (took 2275 mg),0
Hangover related nervy type pain everywhere,0
3 dog where art thou?,1
Do you know what type of bug bite this is?,0
Has anyone here planted for Rhino Reforestation before? How were they?,1
Are you going to ConFusion (Michigan SF/F Convention) later this month?,1
"My whole skeleton hurts, stomach ache for days, dizzy, can't sleep",0
What makes a good map good?,1
"[Build Ready] $900 build, gaming focused, any suggestions?",1
I have had 7 CT scans and I'm 30 years old. What is my cancer risk?!,0
Why do doctors prescribe MRI's if all they read are reports?,0
Why do we feel dizziness when we breathe heavily?,0
What is something that takes longer to break than it does to make?,1
When someone says something tastes 'gamey' what do they mean?,1
"Pain in lower throat, hurts to breathe, speak, laugh and eat or drink anything at all. Why?",0
What do you think about while you improvise?,1
"Mouth abscess, what to do?",0
Could anyone with knowledge of being Lactose Intolerant give me some insight?,0
Can anyone tell me what this thing on my tongue is?,0
Smokers - how did you 'come out' to your family? How long were you a 'closet' smoker?,1
What procedure is used to get rid of acne scars?,0
My husband has been having severe nocturnal leg (thigh) cramps and spasms,0
How can I treat a spider bite at home?,0
"Looking for a steering wheel, any ideas?",1
Falsies hate me,1
"When I was a baby, I had a needle in my head, what was it for?",0
need help with second story museum,1
"[Build Ready] Building a new PC once taxes come in, how does everything look?",1
"How do I treat jock itch (male , crotch area)",0
What is Sepsis?,0
(Request) please update spotlock,1
"I have no idea where to start, this confuses me.",1
"Why is it that when you mistype a letter in your password, it's hard to remember what letter you mistyped instead of retyping your entire password?",1
Where to ship?,1
Athletes who grew up loving a team and ended up playing against that team or for the rival team what was it like?,1
I have a friend who suffers from SEVERE Chronic Masturbation how can I help him?,0
"scratched (what looks like a mole) on my head, bleeding",0
Wtf the wrong with my face?,0
What are the best card packs to buy/save up for in myTeam?,1
How do you switch off at night to be able to sleep better?,1
"Girls of reddit, what are some ways you pursue a guy?",1
"With conservatives waging all out war on abortion rights in red states, why aren't progressives doing the opposite in blue states?",1
What are the complications involved with organ donations & suicide?,0
Any Oregon couples?,1
Is there any significance to elevated folate levels?,0
What are my chances here? (Tramadol),1
How to turn off Avast Internet Security completely?,1
"Explain why you shouldn't do mushrooms, like you are Mario and I'm a kid in the audience wearing a 1-up T-shirt.",1
ELI5: why does my back itch like crazy after a shower?,1
Notice: xSmoooth_Criminal has been given a 1-week temporary unban.,1
Any mirrors or youtube videos of the final episode of 24/7?,1
Soldiers who served in Iraq: How do you feel about Al-Qaeda controlling Fallujah?,1
How do I figure out what's wrong with me?,0
How big can a cherry angioma become? Any way to remove it without scarring?,0
Trying to figure out what's happening to me as I wake up.,0
How do I connect my address/account with reddit?,1
Gua Sha - How does it work?,0
When is time to visit the hospital?,0
[Recruit] Medium or higher skilled European who is [{RELAXED}],1
[QUESTION] How do you deal with left-over ingredients?,1
Extreme and unpredictable knee pain when sleeping,0
"What is this Rash Along Torso and Arms Lasting for over a Week, Itchy Hell!",0
Why is it poop question,1
Canada why u so cold?!!?,1
[Q] How much plat is the average lvl 1 Master Thief?,1
would any one like to battle?,1
What car would you buy with a budget of 20 lakh Rs?,1
[Serious] How to deal with a WoW addiction?,1
We just got back from Portland... Why aren't these chain restaurants everywhere?!?!,1
Any good SMS widgets?,1
Any tips for coming back after a break?,1
"Fallout 3 install breaks, then fresh re-install arrives identically broken. What the what?",1
What are easy daily activities you think people should do every day in Runescape?,1
Im fairly sure I have throat cancer and I don't know what to do,0
What is going on with me? 1 alcoholic drink and I'm puking for hours.,0
[Meta] What is a good resource to make your own infographics?,1
"Has anyone got any great suggestions of places to take the dog for a walk in Adelaide, South Australia?",1
What episode made you cringe the most?,1
Good. Your awake. Do you remember your name?.....Rorschach.,1
What is this small black dot on my finger?,0
How much does the walking dead 1 game affects season 2 game?,1
What were the additional 60 minutes of game play for the PS4? (AC4),1
So i have to give a speech.,1
What is your most interesting personal story that you have?,1
How much longer do you expect to be playing ghosts?,1
How to implement alignment in 4e?,1
"Can someone explain what happened to me? Near fainting, body dissociation",0
[FT] plenty of Adamant Marvel Scale 4/5 IV Dratinis with extreme speed. [LF] Open to any offers!,1
Who else hopes the new Movie Trilogy deals with a new Mandalore?,1
Does a mans voice make any kind of impression when first speaking to him?,1
"For anyone who has pretty much fucked up a good relationship, how do you deal/resovle it?",1
"[Serious] Redditors who have killed someone, when and why?",1
What caused this on the back of my mum's leg?,0
I need to burp constantly at night only. What is this?,0
"Physics question, what is the force of R_1 and R_2 in the lower diagram? (link in text)",1
"I just made a subreddit for any problems, game fixes, maintenance procedures, repairs and any other useful information you can provide each other for the PlayStation systems.",1
"If GameFreak decided to release extra clothing DLC, what kinds of options would you like to see added?",1
"How much energy, in a unit such as calories or whatnot, does it take to heal a broken bone or grow tissue",0
How much difference will it make to swelling/healing by not taking a prescription steroid after a surgery?,0
What are everyday things that everyone goes through that are annoying?,1
How do I find a Therapist?,0
Why do I always unconsciously shake my leg while sitting?,0
"For those that enlisted in the armed forces, why did you join and do you regret joining or not? [Serious]",1
What's the thing you want most to happen in season 7?,1
(Ft) zygarde or mewto with mewtonite x (LF) shinies or any random offers,1
Pope Francis said a thing.,1
Where's national team jersey in auction house?,1
If you were in charge of the legalization of marijuana in your state would you do it? Why or why not?,1
What are these marks on my forehead? Sinus/allergy related?,0
"If buried at Arlington national cemetery, what kind of gravestone does a non-religious person get (if not a cross, star of David, etc.)? What if you were Sikh or Buddhist, are there designated symbols for these religions?",1
WYR fuck someone who'd pay you a million dollars after the best night of your life or someone who'd donate a million dollars to any charity of your choice after the most boring night of your life?,1
Does anyone know who this girl is?,1
"Silver linings, and how do I start things with a counselor?",1
How many hours appart can I take Vitamin B 50 complex?,0
I have a question about exercising and how this can affect the levels in your blood when tested,0
How long can you ignore type 2 diabetes?,0
[meta] Is it time to change the subreddit's motto?,1
What helps you get out of a bout of depression from your RA?,1
What's a good 'old timey' term for how cold it is outside?,1
"LF friends,still need alot of pokemon",1
ELI5: Few years ago I developed TMJ. How does TMJ develop?,1
Question about a family member who has very bad cough for many weeks.,0
"Where did this kills the penis"" originate?""",1
Content ID setting added to monetization tab of video manager for all partners : What does this mean for gaming content creators?,1
"Pulled my nail playing basketball, what to do?",0
[NSFW] What is the biggest lie you've ever told on the internet?,1
"I had my gallbladder removed two months ago, so why am I getting a burning sensation there?",0
Why do my lymph nodes keep swelling? And more,0
Do you use live looping in your performances?,1
What's the biggest video game achievement you've ever accomplished?,1
Who is the most interesting and talented writer ALIVE RIGHT NOW?,1
What to do about my wound site? (staphylococcus related),0
How bad was my blood alcohol?,0
What's the deal with these 80% AR-15 lowers?,1
Why do I almost always wake up 8-9AM?,0
"Hard lump on upper right masseter, approx 1.5 in. and sore. What could this be? (21, F)",0
Have you ever attempted to do something you saw in a movie or TV show? Did it go horribly wrong? Or terrifically right?,1
"People who went to a different country for college, what was the hardest thing to adjust to, and how was college in that country different from how it is in your country?",1
What is the weirdest thing a stranger told you without speaking?,1
What's the quickest way to boil water?,1
"Pretty sure I have either an anal cyst or anal abcess, however im 19 and need to go through my parents for a doctor. any advice?",0
Concerned I may have damaged my junk by using cialis,0
Unsure of what could be wrong with me,0
What's the term for when scar tissue interrupts biological functions?,0
Day 9 Secretly Teaches People How League's Ranked System Should Be Thought Of...,1
Anon discuss why thread is cancer,1
"Almost burned my eye today, but luckily didn't. So, what would have happened if I actually did?",0
What is this red bump in my mouth.,0
How would a superhero realistically hide their identity in 2014?,1
What was the best thing before sliced bread?,1
What maintenance should I be doing on my '85 Eldorado to avoid HT4100 failure?,1
Why am I struggling against teams with 3 center backs?,1
In the Delware County - Any friendly ents out there?,1
Please help me find out what's wrong with my neck,0
Why did I throw up today?,0
Why does my stomach feel this way after my appointment with a gyno?,0
How likely am I going to die early for alcoholic liver damage?,0
{Troubleshooting} Can't get Far Cry 3 to work. Any advice is appreciated.,1
[H] Various 5iv/4iv pokes [W] almost any 4/5iv poke,1
May have a concussion yet not sure,0
What can I do to help prevent waking up from pain?,0
What is the prognosis for babies with plagiocephaly and/or brachycephaly? Does it (largely) resolve by itself?,0
Can anyone help me?,1
At what threshold of blood oxygen saturation does ANY sort of brain damage start? 25M,0
How long should vitamin d help?,0
What is fluconazole help please ? really please,0
"Steroid injections for iliotibial band enthesitis, any risks?",0
"When I encounter a really stressful situation, my lower back immediately starts hurting and throbbing. What is this?",0
"What smells better? A warm tube amp, or a freshly opened guitar case with a nice nitro finished guitar inside?",1
Can you have Crohn with normal endoscopy macroscopic appearance ?,0
HSV2 Help - PLEASE,0
How is Severe combined immunodeficiency treated in 2016?,0
How common is submucus resection surgery?,0
What if the grass is always greener on the other side due to all their rain?,1
Coffee apparently aggravates my anxiety - is there any hope of drinking it again?,0
"(F23) Weird bump under breast, what is it?",0
Why is MDD diagnosed after one major depressive episode if a major depressive episode could be symptomatic of bipolar II disorder?,0
Why is this subreddit not called 'Retales'?,1
How do I care for this burn?,0
What am I allergic to in dogs?,0
"Recurring bladder infections, don't know what to do",0
Newest versions of modpacks aren't showing up..what did I break?,1
Transitioning off of breast milk/formula at 12 months... How?,1
What is the most regrettable sex you've had with cbwyatt's mom? [nsfw],1
Whats wrong with my tongue?,0
Where to buy a meal plan for 1 semester? [Senior],1
I think I have depression and anxiety together. How can I help myself?,0
Can PVCs during an ECG skew electrical rhythm readings?,0
Can you use birth control pills to induce period/withdrawal bleeding,0
What I loved about the original RTW,1
[serious] What is a cool-headed response to Conservative-Christian family members who are obsessed with rumors of Obama's homosexuality?,1
What do you think would improve your quality of life at Berklee?,1
Can anyone find this?,1
What is the best survival/escape horror game online?,1
Need help diagnosing chest pains.,0
Add me as a friend please,1
I am getting a regular Blood pressure reading of 189 systolic / 143 diastolic. I am 38 years old. How worried should I be?,0
"With all this talk of eirgrids electrical pylons, what are the proven dangers of living near them. No hearsay please",1
What would a potential diagnosis be for someone whose nose is always plugged?,0
Starving all the time.,0
Hoping to delve a little into AI. Can anyone answer some questions?,1
What should the Abercrombie and Fitch corporation do in response to the negative criticism they have gotten?,1
Does anybody know anything about the Spanish Civil War?,1
Can a uterine ablation be done if you have a pacemaker?,0
Why is it that my hip bones are suddenly less defined?,0
"Reddit, what is the best way to convince someone you're right in an argument?",1
Why am I unable to eat?,0
I'm a 5'0 female who only weighs 100-103 lbs and I don't know how much I should eat while weight lifting?,1
"Anxiety attack, been eating low carb, not sure what's causing it?",0
High Cholesterol at 21: Been to several physician unsure what to do?!,0
Who here browses /vp/?,1
How many other vfws are here?,1
"Girlfriend suffering from hypoxic episodes, what specialist should she see?",0
Pain when sitting for any period of time - Docs brush it off.,0
"Has anyone made any practice maps, practice modes, or CPUs with modified AI that are tailored towards helping one practice various tech skills? More inside.",1
Why is 'artificial cryptorchidism' not used as a male contraceptive?,0
will frequently jumping from a height of ~8 feet onto a soft surface cause any kind of brain damage (however small)?,0
What are these white bumps in my nostrils? Is it infected? They are sensitive to the touch.,0
Why am I suddenly pissing and shitting myself at night?,0
Whats this bump on the back of my leg?,0
How accurate is a 4th generation HIV test at 33 days?,0
What is the medical standard for identifying if an individual is addicted to a substance?,0
Is there any way to make a broken cuboid more comfortable other than RICE-ing it?,0
How often is normal for headaches?,0
(F/21) Possible laced drink. What could it have been?,0
Why don't NFL teams generally use the backup QB as holders on FGs?,1
Knees aren't straight when lower leg is,0
29 year old with bum neck. Any suggestions?,0
Anyone have any luck finding/buying Riwaka hops in America?,1
Why/how am I so sensitive to marijuana? What's going on?,0
Gastric? Autoimmune? What is going on?,0
"LF Rydon, Duosion, Eevee but adding anyone who needs what i have also",1
"Doctors, please help [ER].",0
Day 1/why im trying no fap,1
After getting about a months worth of payouts I thought I could put a guide together(scrypt). What do you think?,1
Did it bug anyone? A high thought. (MAYBE SPOILERS BUT I'M SURE EVERYONE KNOWS THIS BY NOW.),1
What is naturopathic medicine?,1
MAPS-NORML Study tells of THC transfer rates. Are you wasting weed?,1
ELI5: how do you dbl exposure and can you do it with any camera?,1
Where does the aluminum from antiperspirants go?,0
"I [M 23] feel guilty how I found out my GF [F 23] of over three years cheated, and don't know what to do from here.",1
What are your toking multireddits?,1
What kind of people do you not like eating food with?,1
Where do you buy your essential oils?,1
What should my girlfriend tell her parents to convince them to let her be on birth control?,1
"Injured my shoulder climbing. MRI came back clean but there is something definitely wrong. Anybody have anything similar, if so what was it?",0
What are my chances of having an std?,0
What's your favourite acoustic song?,1
I'll add anyone,1
How long after a small wrist fracture/chip should I expect lessened mobility/swelling?,0
What is the most important event you missed because of over-sleeping or alarm malfunction?,1
"Bros, do you like to chase or be chased?",1
What's causing my groin pain?,0
How long can i lift again?,0
What is the difference between a normal tailgater and Micheal's?,1
"Random thought, Has anyone ever tried 'chewing' Marijuana?",1
What should I do about this rash? (20M),0
What Will MRI and MRA Show?,0
What is something you would like to see mankind achieve before you die? [Serious],1
What high school classes should I take if I'm planning to major in finance?,1
Horrendous family history of cancer... How can I go about staying vigilant?,0
How would you respond to the question 'How do you find all these cool games'?,1
Are there any genuine patriots in this sub?,1
"(15yr old male, 210lbs, 6ft) I have been having bad gas and hard, nugget like stool. What could be going on.",0
Why can't I add someone when we both have open privacy settings?,1
What vitamins/nutrient supplements should be eaten daily for a 21M with poor dieting.,0
How close was Hitler to world domination?,1
What is your favorite quote from the show?,1
LF Ditto safari please,1
What is the biggest mistake you have been able to forgive your SO for?,1
What is this pattern on my skin?,0
Where did my appetite go?,0
'Ask Me Anything': How a Weird Internet Thing Became a New Form of Media,1
"Anal Abscess, what do I need to do?",0
Spot on head that hurts temple when I touch,0
"Welcome Mother Jones Readers! They are joining us from 'Where the Facts are made up, and the truth doesn't matter!'",1
What is the real likelihood of contracting the Zika virus in the US Virgin Islands?,0
"I have cold symptoms each morning when i wake up (sore throat, nasal congestion, thick yellow/green mucus) but by midday they've all but disappeared. can anyone offer an explanation?",0
How can I get my adiponectin levels checked?,0
"Tiny bump appeared on thumb overnight (not raised, itching or painful) what is it",0
"Theoretical Question for a pt with C3/C4 SCI Autonomic Dysreflexia. Why can the PSNS lower the HR, but not dilate the vessels below the SCI?",0
Unsure how to proceed with consistent back pain,0
Any danger from cleaning roach killer? [23/m],0
What situation have you found yourself in when you were truly scared for your life?,1
How did you discover Reddit?,1
"32 F Post Concussion, migraines, confusion. Any neurologists here?",0
Help with medical debt!,1
What are the tests you can do to get more insight about your allergy?,0
Why can't I stop burping an hour or two after I wake up?,0
What's the cheapest ALBW is right now?,1
"Had a concussion last week, got drunk 5 days later. Feel completely awful and can't think. How badly did I screw up?",0
Is testosterone replacement therapy recommended for a patient who has suffered seizures?,0
I smoke and drink. Trying to get life insurance. How screwed am I?,0
How to save my gallbladder? I'm a little attached to it.,0
"Left-lower abdomen pain, any suggestions as to what it may be?",0
Adding everyone who want to play 4th Gen!,1
Help - what is this on my asshole? (Extremely NSFW),0
"Palpitations, what do I make of this?",0
Why do we cry in our sleep?,0
What happens if your rematch doesn't send anything?,1
Any tips on finding long enough clothes?,1
"How do I use retin-a, Clindamycin, and Benzol Peroxide wash properly?",0
How Common are swollen lymph nodes in Neck,0
Need help with unknown condition.,0
what woods are best to use for plugs?,1
Nose feels weird and dry after Nosebleed. how long will this last?,0
[RANT] Why are all the tutorials so old?,1
"Feeling I might faint at any moment, dizzyness, lightheadedness",0
What happens if soap gets in an outlet?,1
Intense calf pain when walking,0
"What causes some apps to just close suddenly? and why do some do it more often? (Reddit apps, Facebook)",1
Who knew growing into a manchild could lead to this wall of text,1
What are the symptoms or hypothyroidism or GHD or a hormonal imbalance,0
What could of have happened to me a few years ago,0
Non-raised red spots on inside of elbow. They get darker when I exercise or am hot. What is it?,0
"Suffering from chronic pain, any way to help?",0
[BEG] Send Me Doge i Demand you,1
How Much Of A Risk Did My Boss Take With His Life/Health?,0
How do you tell if a thought is legitimate or anxiety induced?,0
Finger has been bleeding for 2 hours?,0
Wtf is going on with my tongue?,0
How cold is too cold?,1
Need help (Xbox 360),1
Varicose veins & high impact exercises. Do I have to stop?,0
Survived college but now what?,1
How much?,1
What is the best online resource or iPhone app to learn how to play the guitar?,1
"Reddit, I need your help making a decision.",1
Help! What are these strange things spreading on my foot?!?!,0
ELI5:Why is my gas indicator segregated into unequal 'quarters'?,1
"What does the quote 'Sweat saves blood, blood saves lives, and brains save both' mean?",1
N7 2013. How do I get SIXAXIS working correctly?,1
"Reddit, what amazes you?",1
"Tight Foreskin, Please help!",0
"Reddit, is there any opportunity to buy stock in marijuana? Are there companies selling stock, or will official companies soon emerge?",1
Interested in what's going on when this happens.,0
What should i do when i'm high?,1
[Troubleshooting] Need urgent CPU/Heatsink help!,1
How come I can't do loud farts any more?,0
"I'm small in the locker rooms when flaccid, but more than average erect: what's the deal.",1
How can I improve my relationship with my co-worker?,1
Are there any good prepaid debit cards that can use bitcoin to receive funds?,1
"What are some possible causes for me bruising so easily, and why does my doctor insist on seeing me again for it?",0
Looking for Fairy with Kirlia please,1
What's the easier upper div that aren't full yet?,1
"Radiation spike on California beach, now at 500% normal levels \u2014 \u2018Befuddled\u2019 as to why it\u2019s so high, claims there\u2019s no \u2018immediate\u2019 health concern",1
Should you do what you like or what you're good at?,1
Why is my neck swollen?,0
"How can I get a list of all shared folders, and their security permissions on a windows 2003 server?",1
What a quantum computer will be able to make ?,1
How do feet adjust to standing for long periods of time?,0
Temporary meta post: Why are there so many people online right now?,1
Random question - what's this little piece of plastic just above the nut?,1
What are these white things in my hair??,0
[Vista] Any New Orleans people here?,1
What's the best/worst/funniest reply to say aloud when someone whispers something to you in public?,1
What ever became of knowledge of Vinland and Leif Eirikson's discoveries during the time of Columbus?,1
Any ideas what is causing my symptoms?,0
What do you when the doctors don't know what to do?,0
What does Mother Gothel do?,1
What common household medicines are bad to take after their expiration date?,0
I woke up with my left ear ringing for no reason. What's going on?,0
"Possible foreign body in eye, but doctor does not think CT scan is necessary after pain persists for 3 months",0
What to do with my pancreas,0
Here's what the NSA is up to in 2014,1
FOR DOCTORS WHO'VE HAD PATIENTS ASKING FOR PSYCHOLOGIST REFERRALS: What should I expect?,0
What supplements should I take if I'm on depo?,0
What are the chances my ankle is fractured?,0
"State patrol officers of Reddit, do you have any tips for a hopeful applicant?",1
Wondering how much to charge?,1
LF Diggersby but will add anyone!,1
ELI5: Why isn't magic a thing that humans can do?,1
How do I modify my main menu music to play ONLY the main theme?,1
"[w] Super Street Fighter 4 Arcade Addition, Please help!",1
Would a sleep aid and magnesium help with hypnic jerks?,0
"LF Maractus, adding those who want",1
"Mods: restore the old rules, I liked how we were overly serious, btw whats the diff between this sub and cb2?",1
What to do if you eat some horse chestnut?,0
What are the roughest neighborhoods in Wichita?,1
"Do people who are closely related (sibling, parent/child) generally react to medications the same?",0
[Q] How do you trade 1/2 a key,1
Invasion of Reach. Who survives the destruction?,1
What does 2+ on a urine protein test mean?,0
What's the worst amateur rap video you've ever seen?,1
I have oily hair and I'm noticing bald spots; should I cut my hair?,0
What exactly is this?? A wart???,0
How do you think a highly intelligent alien space scientist would describe us humans to there kids?,1
What is the worst job you have ever worked at?,1
PLEASE HELP IDK MINE!!!,1
Why is Corporate Mundo legendary?,1
I sit very long hours now my leg hurts. What is the best sitting position for my case?,0
"So are these Couponing shows where almost everything is free, real?",1
"Best case scenario, where do you see the company on January 7th, 2015?",1
Someone please help me figure out what's going on in my throat?,0
"Question for Bruce. What happened to Wrecknology? Is it going to return, or has it ended?",1
"What type of doctor should I go to, to get a painful lump diagnosed?",0
Is there anyone who can take me to the hospital?,0
At what point should I ask my PCP for a referral to a Rheumatologist?,0
Pilonidal Cyst: what can I do?,0
What games for 2014 are you most looking forward to?,1
Is this a bug bite? Should I have any concerns?,0
What is this all over my mouth?,0
"Nurses/doctors of reddit, what is the most humorous injury you have treated /attempted to treat?",1
Anyone know who the billionaire is?,1
ELI5: How do electric engines work without combustion? How does the electricity going into the system turn into power which can turn an axle?,1
Was doing some googling over how to not have permanent damage from perichondritis(infected piercing) and discovered my doc prescribed an antibiotic that won't work. How do get that fixed without sounding like 'that patient'?,0
Doctor wants me to take Nexium and Pepcid daily. What's the most effective way to do this?,0
"Gentlemen, it has been great bull-shitting with you this season.",1
What is something that will always make you angry?,1
Are there any relatively permanent vision correction options with virtually zero risk of complication?,0
Breathing Issues. Two doctors say I have weak breathing but don't know what's up. Any possible insight? (details inside),0
How many times is too many?,1
"My father fell off his bike, and as every other man before him in this family, has an irrational fear of going to the doctor. Anyone able to confirm if he broke his thumb and does or does not need to visit a doctor?",0
"So who the fuck is Hunter Moore, and why does everyone love him?",1
What is wrong with my tongue?,0
What was considered 'junk food' in the early 1900's?,1
What is this? [Throat],0
Having a lumbar puncture tomorrow. How much does the anaesthetic hurt?,0
What are these bumps on my penis?,0
How do you get over the mental struggle when it comes to losing weight?,1
I accidentally swallowed a bottle cap. What can I expect?,0
If you could go back in time and change something what would it be?,1
People of redditing who have been cheated on in a LTR...why do you think this happens or why did it happen?,1
Why do I cry when I occasionally take valium (as prescribed)?,0
Bengals fan: If the Chargers win the Super Bowl does it change the outlook of the season in any way?,1
What hats are acceptable to wear in a professional setting?,1
What hero has the ulti which can take the highest damage?,1
ELI5: What is limit price purchase vs. market price purchase on OTC stocks and why won't my brokerage website allow me to just purchase them straightforward?,1
Overall sticky feeling at certain times of the year? Why does it happen and how can I treat it?,0
Why do I get a distortion in my vision when I'm looking at a computer monitor?,0
"Bleeding from ear, what do?",0
What exactly are the dangers of repetitive antibiotics use?,0
Why shouldn't we take a double dose of an antibiotic when we miss one dose of antibiotic?,0
Does anyone know of something interesting to do a News story on?,1
I have started to get these itchy spots all over my arms. What are they?,0
Men who have been diagnosed with depression- what were the consequences?,1
"On antibiotics, but my eye continues to swell. How can I reduce it?",0
Dermatologist referred me to an Obgyn. What to expect?,0
Anyone know how to climb the lamp posts in Mor Dhona?,1
What is the most gutless thing you've seen a player do?,1
Baby has been hitting side of her head since birth,0
What was your favorite music festival? Where was it? And what kind of music?,1
So who do we want to win tonight?,1
Can someone who knows about bodybuilding shoulder injuries please answer this question?,0
Help with Jimbo's Crosshair mod,1
"Diagnosed with Hashimoto's thyroiditis, any advice?",0
"What is wrong with me? (Poop questions inside, x-post from r/medical)",0
The strongest person from Avatar who can defeat Magneto?,1
"[psych history inside] Not looking for medical advice. I'm just trying to figure out what I should expect if I do go to the emergency department. Kinda too scared to go, have been trying to get there for months cause I need help, I just wanna know what they'll do to me.",0
ELI5: Why are lionesses the ones to hunt and not the lions?,1
Sharp pain under collarbone when breathing,0
How widespread is 'bacha bazi' in Islamic countries? How is it justified?,1
How long are contact lenses good?,0
"So many builds, what to choose?",1
Muscle weakness in arm from pinched nerve in neck or bad sprain; how long till my arm strength is normal?,0
Day 6 or What Happens to Your Body on Keto,1
"Hey reddit, are you gonna stay the night?",1
Weird skin rash/pigmentation? What could this be?,0
Is it possible to make a charger that would charge instantly? Why or why not?,1
Why am I still subscribed to /r/bestof? Seems like The Red Pill went from shitty to cool!,1
Uncomfortably sensitive penis head causing discomfort when walking,0
How did 2 billion people get infected with Hepititis B?,0
21 year old male. Headache for past week. Started out really bad. Now just bothersome. What do?,0
"(17yo girl) What's wrong with my finger? Feels and looks noticeably different from other fingers. Has small, indented lines all over the tip. Pics inside.",0
Any dermatologists here?,0
What is the maximum bandwidth of an Airbus A380?,1
What MMO Would Players Go To If WOW Disappeared?,1
I hate my Friend Safari. Add me if you don't care!,1
Why do my sneezes smell?,0
Anyone remember the Rune Combiner?,1
"Treated for UTI a week ago, experiencing back pain and abdomen pressure now. What gives?",0
How common is benign fasciculation syndrome?,0
Can anyone help me identify this rash?,0
"3 weeks of bleeding and cramping, what's going on?",0
What do we do?,1
10 Year Mystery Illness - Help!,0
What should Infinite Ward/Treyarch do to make the CoD franchise good again?,1
Why are you doing this,1
"Women of Reddit, what do you think are good reactions of men during movies? i.e. crying during romantics",1
"[Serious] Redditors who attempted suicide, what did you do on your 'last day'?",1
How did you lose in the genetic lottery?,1
Why can't self-edited books be as good as ones edited by someone else?,1
Cut on thumb turning green. What should we do?,0
How long do you estimate it will take before my meds fully work again?,0
Out of no where my feet have swollen...,0
How long should I have to wait until I get test results back?,0
Why is working out so good for your mental health?,1
What's the meanest someone's ever been to you on Reddit? [serious] [nsfw],1
What's the deal with 'real life experience'?,1
Help with Baka Arena Build,1
What Pen display should i buy?,1
why is the charles river egg-nog colored?,1
How do I join.,1
"Hit my thumb, swelling and pressure keeps continuing and throbbing. How to tell if it's fractured?",0
What's a good subreddit for someone who likes to read interesting articles?,1
Why is Beyonc\u00e9 considered the best?,1
Does this combination of medication make sense? (Heart/Blood Pressure),0
What is recorded when examining penis during physical exam?,0
Why does my right foot hurt when i out weight on it?,0
What to expect at gastroenterologist for nausea?,0
How to fix strange physics with large launchers?,1
What does low attenuation region on a CT scan mean?,0
Help with necklace/dress pairing?,1
[31/m] How long before Bronchitis Cough goes away?,0
Matched up with people who have obviously spent a ton of money on cards in 'casual play' games?,1
(PLEASE HELP!!!!) MY HANDS ALWAYS FEEL STICKY! HOW DO I FIX THIS!!??,0
Any advice for someone getting angry at everything?,1
First psychologist appointment is in two days. Any advice?,1
Hole in back of mouth where food sometimes gets stuck,0
How can I see my first like or first history from youtube?,1
How quickly does your health change?,0
"Can you explain what ""fragments of disordered proliferative endometrium"" means?",0
How to tower dive with TP lvl 1,1
"Sometimes when I take laxatives, my bowels are emptied almost immediately. (1-3 hours). Other times, the usual 8-12 hours. Sometimes it takes 24 hours! What's with the inconsistency?",0
Why can I only sleep in UNfamiliar places?,0
"Bug Bites while sleeping, doesn't match any pictures / info I've found so far. Looking for answers.",0
What's the stupidest reason for which someone has deemed you unqualified to do a piece of work?,1
ELI5:Why does my nose run when it's excessively cold outside?,1
What peasants think it needs VS. Reality,1
Why does excessive alcohol use cause under eye bags?,0
How bad is not wearing glasses?,0
How are you doing today? - January 5th,1
"A therapist had my mom fill out a test in order to see if I am autistic, is there any way that I can take a test?",0
How much does lack of sleep affect growth in teenagers?,0
What do YOU consider as short/tall?,1
How often do you change your bed sheets?,1
Does untreated depression have any effects on ADHD treatment medication like Adderall or Methylphenidate?,0
"Why do I feel faint, blurry vision after 3 hours of eating?",0
What is wrong with my eye? Help!,0
Why did all my materials get tinted pink/purple?,1
Hero3+ - External Mic - Anyone else get Noise interference?,1
Intense nightly headaches that suddenly dissipate when I swish mouthwash,0
Who would win in a street fight? Chuck Norris or Steven Seagal?,1
25 [M4F] PA - Are you realllllly there?,1
[Question] Does anyone here use Audacity to check the accuracy of there watch?,1
"If you could be famous for anything, what would it be and why?",1
Messed up sleep schedules,0
Sonic... What do you guys think?,1
Any entry level PC repair/support jobs?,1
"(37M) Back problems for 13+ years, just got a new MRI done today. Any docs on Reddit wanna take a look?",0
What do these notes on my ECG mean?,0
What are these small painful slits on my girlfriends hands?,0
Any sportswriter's here? What was your path? Recent college graduate interested to hear some success stories.,1
Can anyone recommend a replacement for the HSTI Media Stick?,1
"Redditors who have been selected for jury duty, is it really that boring?",1
Chemical burn fully healed in 4 days. How?,0
[NSV] (hope I used the right tag) why I do this. +short term goals,1
what's a fact you refuse to believe?,1
Do they not know how to turn on their microphones,1
What to do to lower my pain ?,0
"It's scary, and I don't know what to do.",1
"Redding Please help! Running, tickling nose + sneezing",0
"Reddit! What been chased by? (angry animal, authority, criminal, etc) Did you get away?",1
LF ditto I'll add anyone,1
ELI5: Why 'your mom' jokes are so classic and time honoured,1
Just woke up forgetting how to breathe...,0
Anyone at London Heathrow on the 5th?,1
How do I get rid of this border?,1
Girls on the Implanon. Did you get bad acne problems? If so did your skin go back to normal? And how?,1
Urgent! Please Read.,1
Why did bruises occur under my eyes when i broke my nose yesterday?,0
Where can one find a doctor to remove tonsil stones?,0
What invention or breakthrough from the last 100yrs are you thankful for?,1
Anyone have a link for Thor: The Dark World?,1
"Non-Yanks/Brits, what are some good recent shows from your country?",1
"Ganging up in competitive games, any solutions?",1
[season 1] what happened to Stark?,1
How bad is my acohol consumtion behaviour?,0
ELI5: What are Sin Cos Tan doing?,1
What for you is the saddest moment/storyline?,1
Lip still swollen 5 weeks after Mohs surgery -- Any tips on making it recede more quickly?,0
Bump on wrist? What is it?,0
How to do CSG add/subtract in Unity3d?,1
"My eye has turned extremely red, and I'm not sure what to do.",0
2x 3hr sessions per week at the gym. What can I expect? And how do I make the most if it?,1
What is GNS3? and what is Packet Tracer?,1
What's best for my remaining rat?,1
I ate aluminum suspector. Am I in any trouble?,0
Why do my eyes water when i see the color red?,0
"Did the very first Ash die, or was he just comatose for too long?",1
My knee... what have I done to it?!,0
"Untreated stress-facture, what are the complications?",0
How can I sleep with second degree sunburn?,0
(25M) It seems like my body is falling apart at times. What's wrong (if anything)?,0
Strep Throat: What to eat?,0
[Serious] How Can Reddit Be Real If Circlejerks Aren't Real,1
"Redditors that live alone, any suggestions on coping with loneliness at home?",1
So how do i kill a mockingbird?,1
Do any of the lady smokers here lie to your doctors about it?,1
What can I do to jazz up my manicotti?,1
Need help choosing a projector. Epson TW5000 or BenQ W1070.,1
calf muscle leg cramp/overstretching? what do i expect,0
"My LEEP results came back negative, but I'm still having to get an endocervical curettage? Why?",0
Have you ever used your 'trans superpowers?' What did you do?,1
Concerned that I may have an STI / STD...,0
"Those of you who sell ad space directly to clients (not through an ad network), how doyou go about figuring out a fair price?",1
Any room for improvement?,1
What happens if I only take birth control pills during my period?,0
What happens if I show up at the ER and the doctor is a friend or acquaintance?,0
Who was the saddest death ever in fiction?,1
How serious is Mono or tonsillitis when untreated?,0
How infectious is Glandular Fever,0
"MicroSD card in Galaxy S4 has died, does anyone have knowledge on how to save these things?",1
Thumb has been 'asleep' for days after tearing cardboard.,0
"Bad reaction to anti-depression meds, wondering if there's something underlying... Not sure how to ask",0
Twitching feeling when bending knee.,0
Why do I suddenly perceive bitter as slightly sweet?,0
I think I have Migraines. What should I do?,0
"I have been eating right and exercisong, but I am gaining weight. What's going on???",0
"Not sure what's wrong with me, can anyone help?",0
What was your college horror story?,1
What is wrong with my poop?,0
"Reddit, what would your band name be?",1
What is sad or horrible/terrible that made you laugh?,1
Does anyone else get severe ankle pain in their front facing leg?,1
Is the egg hatching o power a hoax?,1
"Inventors on reddit, what is something you invented that we all use?",1
ELI5: What does blood do/where does it go after being pumped out of the heart,1
Why doesn't Gandalf have any hectic crazy spells? He's a wizard?,1
How To : Wrap Your PS4 (Video),1
(m)y v cut progress. How am I doing?,1
What is the difference between a protractor and a contractor?,1
"Weird back strain, what could cause it?",0
What's going on in this picture?,1
"Took the bandaid off recently, tiny laceration still not closed, skin looks weird, overall wtf. Am i going to need medical attention?",0
What websites should i look at for houses?,1
Does anyone remember Occupy Wallstreet?,1
What to expect with shingles?,0
Why the heck are my balls swollen?,0
What bit me? (pics inside),0
Why am I losing so much hair/shedding?,0
Sequence 6 - What Stede says to Edward...,1
"Redditors who posted on R4R, does it really help? What's your experience?",1
Lately have been having trouble with an increasing bloating feeling and burping and I'm not sure why (reposted),0
My cousin [30 year old male] is in the ICU. They say his heart is working at 15% capacity and they're leaning toward a heart transplant. What can I expect and what does this entail?,0
How much does it cost to walk into a hospital and get checked for oral cancer without insurance?,0
What's the easiest hockey position to learn?,1
how can i spot a jjimjilbang?,1
What websites do people prefer to buy parts for their older jeeps,1
Looking for Metang or Eevee! Will add anyone though!,1
I need your help,1
Possible meniscus tear? Don't know how to proceed...,0
How many of you use rolling machines?,1
What are some of the horrible things 2013 produced?,1
Does anyone know what the trumpets song is from this day9 clip?,1
Is the book Wheat Belly pseudoscience?,1
What 'As Seen on TV' product fails at its intended use?,1
"CYP2D6 deficiency, possibly the while 450 group. What can I do?",0
Quick Question: How do I set everything up when it comes in?,1
What causes quick shift of body temperature difference?,0
What makes an otherwise healthy person unable to synthesize Vitamin D?,0
Freezing legs - can't sleep,0
How long after antibiotic til you can be retested for infection?,0
To any and all Shadows Fall fans...,1
"When I had mono, they did not know what it could have been my mind was cloudy. Before my MRI they gave me a chemical that caused me to become super paranoid and felt like I was being sent to my doom. What was it?",0
Who's your daddy?,1
Advice on penicillin use and food please. Flucloxacillin.,0
B12 deficiency anemia - how does treatment work?,0
What are the odds an undiagnozed BP I in non psychotic mania getting a stabilizer after eval but before they crash absent hospitalization.,0
Help with metabolism and circulation symptoms,0
Can I use audio and/or video to make a reasonably reliable self-diagnosis of sleep apnea?,0
Kidney failure symptoms. How long do i have left?,0
"Swollen feet. Swell when I walk, sit.",0
American going overseas. How do I use my Virgin Mobile iPhone?,1
Why would an adult continuously get impetigo?,0
If you could create your own real city from the ground up what would it look like? What would the 3 most enforced laws be? (if any),1
Possible sleep apnea?? Please help!,0
"Reddit, what gross thing about your body do you take sectet pleasure in? Why do you think you like it?",1
How to responsibly take advantage of maxed deductible?,1
Why does my penis have a fishy smell?,0
"Ache in my testicles, is this normal or what?",0
Why is my lymph node still painful? Could doctor have missed something?,0
laughter and pain how can it be possible?,0
My foot healed after a fracture but i'm limping how do I fix this?,0
What is this cum like fluid and should i be worried,0
What is something that other clashers do that drives you crazy?,1
What words do you think have lost their true meaning?,1
My dads response when I ask how philly fans boo injured players...,1
How can I clear up my skin quickly?,0
"I'm not the smartest of fellows, what have I done?",1
Blood test results; how high is my bilirubin?,0
"Need help with raids/offensive strats @ high th7, low th8.",1
What is the most amazing true story (long or short) that you've ever heard?,1
What possible causes are there for enlarged sebaceous glands in the scalp in young men?,0
What is your MOS and where are you stationed?,1
What past experience made you the person you are today? Whether it be bad or good.,1
"Wrist pain after drawing, confused on how to treat and how to avoid further injury",0
"Once you have more muscle, bulking becomes so much harder",1
What's happening with my knee?,0
HAE? Allergies? Lymphoma? Sacoidosis? Please help!,0
Eyelids swollen/puffy all the time,0
What would happen if someone were to put there hand or other body part into the LHC?,1
"30yo M with a pair of symptoms, wondering if anyone can draw a connection.",0
Buscando agua da\u00f1ada audio y v\u00eddeo de la cinta,1
"Narcolepsy, Sleep Apnea or something else?",0
When is the best time to test blood sugar?,0
How would you react if Reddit was bought by Facebook?,1
Any eating tips for early morning workouts?,1
how feasible is renting mining time?,1
Horrible allergy-like symptoms for a month now. Why?,0
How many of these showerthoughts are actually showerfeelings?,1
Entertainment Weekly released their 20 scariest movies of all time List. What do you think?,1
Why do I feel nauseous when working out?,0
"LF Shuckle, but will add anyone! =)",1
What medication can I put on a facial rash?,0
ELI5: Soap. Please explain soap.,1
How do you all carry your mods around?,1
"Weird question, but how long could it take to recover from chronic q-tip ear-cleaning my [22M] whole life?",0
"Reddit, what are the best filmed concerts and/or long music videos?",1
Do /askreddit know any dark humor puns?,1
"What is this white, swollen thing inside my mouth?",0
Any advice on a skin rash/condition?,0
How do you start small talk?,1
How do bitcoins work?,1
How to make my poop denser than water?,0
Moderate sleep apnea + Excessive day time sleepiness treatment questions,0
"How important is the with food part of taking Effexor?""",0
How would our society be different if women's breasts grew exponentially when sexually stimulated,1
Why does 1% fat milk give me stomach discomfort?,0
How can I avoid getting herpetic keratitis?,0
What's the best way to go about finding a personal physician who's the bets match for me?,0
"Does taking cold shower, leaving your feet in cold water, etc really help?",1
How often should blood work be done during chemotherapy and radiation?,0
Scrotum bump? please help...,0
Which subreddit tab(s) do you always have open?,1
Why does pain go away after squeezing the heck out of a spot where you feel pain?,0
What's the best/worst pick-up line you've used or heard?,1
"Web design for a scorekeeping application, any comments?",1
Why do I have high BP and what should I do to reduce it?,0
A Guide On How to Make Some Sexy Columns,1
"Daughter has a fever of 102.4, ped is always unconcerned. Is that okay?",0
"Seriously, 2014 has been pretty good so far, and I want to share my happy",1
"Redditors from third world countries, what pisses you off about first world countries?",1
What is with all the hype about Frozen?,1
"Not sure where to post this- need to indicate I cannot have an MRI in case I am unconscious, how can I do this",0
Why have I had backpain for nearly 30 years that keeps getting worse?,0
How far along is science in the treatment/cure of Sarcoidosis?,0
What are the top 10 most quotable lines/moments in The Princess Bride?,1
What do you think of your SO getting a lapdance from a mutual friend?,1
"I have semi-debilitating stomach and back issues, and can't see a doctor until Monday, can anyone help me?",0
Are there any new insights on anorectal abscesses/fistulas?,0
"[FO:NV] Crashing on startup after installing mods, anyone have a fix?",1
I have Y chromosome microdeletion and I've been on TRT for two years. Is there any chance I can get my gf pregnant?,0
Besides Shortness of breath what are most commonly presented symptoms in patients with Pulmonary Embolism,0
What the hell grew on my face,0
What should be my next step?,1
[neuroscience] (and also medicine) Has anyone ever woken up from actual 'Brain Death'?,1
Possibly returning to WoW. What are the most notable changes since WotLK?,1
"[TOMT] Surreal,weird webcomic where some guy is kept prisoner on some planet &amp; starts mutating",1
How big is ESO Beta for this weekends stress test???,1
In S02E03 why won't sherlock ask for Mycroft's help?,1
Idk what to do... Rant/vent,1
My resting heart rate has been 115bpm the last few days?,0
Martial artists who lift?,1
"Painless bump under eyelid been here for about a month, what is it?",0
Where can I play some outdoor hockey?,1
"Where to find deck guides, best performing decks/players, etc?",1
[TOMT][Book] A classic where the main character is delusional. He 'duels' with 'giants' that are actually only windmills.,1
Does anyone want a LeBron Preorder code?,1
Need Dr. Sherlock or even just a Dr. who gives a s#!*.,0
Is my kidney selective in what it accepts and rejects when discarding excess nutrients?,0
Equal testing standards - what is your opinion?,1
ELI5:What happens when one snaps joints? Is it really unhealthy?,1
Is a 15.6' screen really portable?,1
"I went to my local flea market, figure I would share what I picked up",1
Do you lose color if you're hungry,1
What sort of medical issue is this?,0
"What is this strange skin discoloration,",0
I keep getting epididymitis and I'm not sure why,0
Any Support Groups for Vertigo?,0
What is the most underrated scene/episode of Breaking Bad,1
Why is it socially acceptable to make fun of French people?,1
LF Skarmory Steel type safari,1
Anyone catching the Salt Lake City show?,1
Numbness in hand/wrist. Shocking sensation when I grip things.,0
How do referrals to a specialist work?,0
Cytomegalovirus = Chronic Fatigue? How much is too much?,0
What is this on my legs?,0
How long should one stay out of Japan between consecutive 90-day visits?,1
ELI5:Why do domestic cats have slit-pupil eyes while other cats have round pupils?,1
I'm losing track of time. What's going on?,0
How do I prevent the contraction of skin around a scab?,0
MyCareer problem - Anyone else?,1
This raised black dot has been getting bigger. Any ideas?,0
"If a bomber's holding a 'Dead-man's Switch', why isn't electrocuting him an option?",1
"How did philosophers like Plato, Aristotle and Socrates make a living?",1
"Is being wide as any of the Money Maker civs, (Arabia, Venice, Morocco) wrong or right?",1
"Reddit, if you've bought something, used it, then returned it as new, what's your justification for doing so? And, what's the most itneresting or expensive thing you returned?",1
What 'resolution' do humans see in?,1
Help with a mole,0
Need help formatting iMac,1
Looking for Eevee Safari. Will add anyone c:,1
How can I link constipation with food consumption (in time) + Question about my constipation issue causing painful erections,0
Chronic back pain (kidney) and I don't know what to do anymore.,0
What is the most underrated TV show you wish more people would watch?,1
Who would specialize in understanding how the body digests proteins like casein?,0
Whats the fakest thing about movies,1
Can going hungry permanently affect your cognitive abilities?,0
How do you think the world would react if super-powered beings really existed?,1
"What if all the U.S. presidents were put in a room together, who would get the most respect from his peers?",1
How to do my due dilligence before surgery? Sinus surgery next month.,0
"With Marshell playing well and having 3 injured point guards on our roster, what's going to happen when they return?",1
Girlfriend has glandular fever/mononucleosis - how long until it is safe to kiss her?,0
What is blood pressure ?,0
Large bump directly under sternum where ribcages meet?,0
How do I stop/control myself from having a mini panic-attack when I go into work?,0
How aware was Count Dooku about Lord Sidious plans?,1
"Pretty extreme pain and discomfort during every period, it gets worse and worse each month, what is wrong with me?",0
How long should I wait before taking oral laxatives again? I don't want my body to forget how to have a bowel movement.,0
Where did my period go??,0
Can you explain like I'm 5 why I can't tolerate caffeine?,0
24M Erection difficulties especially when sunlight from outside interferes with sleep quality,0
Hysterosonogram gone wrong - what now?,0
Anyone have any idea what is going on with my wife's ankle/elbow?,0
Anyone know what this brown spot may be? I saw it and automatically think skin cancer,0
"Hey r/AskDocs, I have ulcerative proctitis. Medication is $900 dollars and my parents are downstairs yelling about what to do financially.",0
"(22m) Any idea what this is? cyst/pimple thing on inner thigh (NSFW photos, hairy inner thigh)",0
How worried should I be about oral cancer?,0
Can someone please explain how this code works line by line?,1
"My roommate gave me his old Sony Vaio, no idea what to do with it",1
What is this rash?,0
What is the worst injury you have ever sustained?,1
My ego-t battery and protank 2 with 2.2ohm atomizer will not draw at all when screwed in. What's wrong?,1
Why are men obsessed with women's butts? We crap out of them [Serious],1
Does anyone have experience dealing with tics in children?,0
"For writing a Space Opera, what books of the same genre(or science fiction in general) must I ABSOLUTELY read first?",1
Cervical spine problems (MRI results inside) - what do they mean for my future?,0
[video]Alan Watts - What if Money Were No Object?,1
Operation incisions not healing and are infected. What now?,0
I drink 5-6 drinks per day. What health problems should I be worried about?,0
What can I have done to open up my upper air passageways?,0
What drug would you never do?,1
Does anyone have any experience with Pcmshop,1
What is a good site to get a cool iPhone 5c super hero phone case?,1
"[H] Cubemen 2, Just Cause [W] Paypal, Steam wallet, keys, and any other offers",1
"What is the safest, lowest amount of fat I should eat in a day? (advised by my doctor to limit them).",0
"I sometimes randomly feel extremely nauseous and get a weird but good taste in my mouth, lasts for about a minute or so. What is this?",0
What is wrong with my scalp?,0
How fast does hemoglobin fall after blood donation?,0
What could be causing this nasty metallic taste in my mouth?,0
"What's your most 'don't give a fuck, let society conform to me' time you've had stoned?",1
"I went fishing in tall grass. About 6 hours later, I found a deer tick imbedded in my abdomen. What should I do?",0
Why do I constantly feel like I need to go. #2?,0
TOMP two guys doing a survey,1
I've got a canvas and a marker...tell me what to draw... [f],1
"Death comes to all of us one day. Without using religion, why should we not fear it?",1
"Pulled a lower back muscle, how to treat?",0
Any chance with removing (or cleaning up) scars left by back acne?,0
What is wrong with my toe?,0
Where are you watching the game today?,1
Has anyone ordered a Neo hybrid case for their phone on here?,1
[FR] How can I come off as less overbearing?,1
"With record breaking low temperatures striking the Southern and Eastern parts of the US, how are impoverished families and the homeless dealing with the extreme conditions?",1
How to salvage a phone that has been ruined by fanta,1
Wtf is going on on my right nipple? It has bumps?,0
"Missed a bunch (5ish days) of birth control and started my period, how do I make it stop",0
How would I treat this rash?,0
One scroll please sir? (EU),1
I've been a smoker for four years - is there any hope for my lungs?,0
"I got spit in my face badly, is menigitis or any other dangerous condition possible?",0
What's with all the hate against Jr Smith?,1
What is wrong with my toenails?,0
ELI5: How did Victorian police determine who the killer was? Like what sort of methods of evidence did they have?,1
23M - Short Hair or Long(er) Hair?,1
How can i perform an Autologous blood transfusion (AKA Blood doping) at home?,0
"If I can't get HIV from Kissing with Huge Cuts in my mouth, then why not?",0
Need help diagnosing issue with nerve/gum/incisor,0
Eyes have been messed up since March. Not sure what is going on?,0
20 [M4F] Who here has the biggest breasts? Let's find out;),1
What was the mechanism of my necrotizing Pancreatitis? And other questions,0
where to find species that aren't available locally.,1
I just don't know what to do.,1
My estranged husband has been diagnosed with Medulloblastoma. Can someone answer my questions?,0
22[F] Would love to know how I'm objectively viewed :),1
How do I find a hobby?,1
What happened at the 24hr fitness in Costa Mesa? (Avenue of the Arts location),1
Space Marine bikes.....anyone else find the concept a bit stupid?,1
How long between the first two doses of the Hep B vaccine?,0
"If ingesting salt causes dehydration and dehydration causes low blood pressure, why are people with high blood pressure told to avoid sodium? Wouldn't it lower their blood pressure?",1
What are good apps to have besides reddit and communication apps such as kik or snapchat?,1
How about allowing respawn if you've been alive for at least 5-10 mins?,1
Do you know someone who has met The 3 Stooges?,1
Wrists hurt while doing push-up,0
"Rookie question, but what do I do with a 'carved out' piece of soap.",1
Atrophic Scar Prognosis. Please Advise,0
What are these skin lesions,0
Does bending over backwards make you faint?,0
Is it possible to state any general rules for when it's advisable to seek medical attention?,0
I feel like i'm playing this game wrong. Any ideas?,1
"Boyfriend has moderate pain in his foot, doctor at an urgent care clinic prescribed tramadol before conclusively diagnosing any kind of cause. Is that common???",0
"Retinues... How much do they change the game. Also, what DLC is 'essential'?",1
What are these scabs on my nipples? [21/F],0
Rotor cuff strain: what are the steps to recovery?,0
"LF: Ghost type safari, preferably with Shuppet",1
My SO (25F) had a miscarriage but I'm not understanding and it's too painful for her to talk about. Can anyone help me?,0
please help (anal fistula surgery),0
"[Serious]Those of you who dislike math/science, why?",1
ELI3: How do I get fix '11Dbexception' error? 5 yr old isn't good enough for me.,1
(Out of interest) How to dress a deep wound?,0
Mom often choke while swallowing. Need advice on what to do and what not to do or how to minimize such occurrence.,0
[VT] Pecan [LF] any cute villager,1
Doctor suggested an Ultrasound. Where exactly should I go for this?,0
Grass allergy? I need help,0
Anyone else have half power out?,1
Why won't my thumb heal?,0
How to know if allergic swelling is anaphylaxis or not?,0
Constant arm and hand pain for the past 2 months. Nobody knows what's wrong with me,0
24 [m4f] any cool down to earth ladies wanna chat,1
"What event do you believe is told wrong, documented with bias, or just plain untrue and happened in a whole different way? [SERIOUS]",1
"(Spoilers All) I've got to ask, why Stannis?",1
Why after exercising does my heart seem to lose it's thump?,0
How complicated is it to remove extra nipples?,0
Why have team deathmatch payouts been screwed with?,1
What about Kills Per Minute as a stat to track?,1
Any ideas? Another doctor stumped.,0
opinions on how to create this eye makeup look?,1
What is wrong with my stool? NSFW,0
22 M4F - I need to breed! Please oh please let me knock you up!,1
what are these spots on my lips?,0
What reasonably cheap/easily overlooked coins should I look out for?,1
What concentration to go for in a masters program?,1
Why?,1
Docs what kind of horrible mental disorder is this?,0
How much comment/link Karma is given out every second on Reddit?,1
"Reddit, do you have any good/bad stories about past internships?",1
"What's a popular movie, that everyone loves, but you hate with all your might?",1
Weird EKG - interpret please?,0
Tonight is the College Football BCS Championship! What are you drinking tonight during the game?,1
Can anyone identify this specific vertebra?,0
What exactly happened today?,1
Why I would like Google Glass,1
How to get veins to show without drinking water?,0
Urine is abnormally dark brown no matter how much fluids I drink,0
Got a few mouth ulcers. How do I get rid of them??,0
Me [19/F] with my sister[27 /F] What should I do about my sisters behavior? Am I overreacting?,1
"What hypothesis, if proven true, would be too uncomfortable for society to ever accept as fact?",1
"Ophthalmologists on Reddit: any idea what could cause sudden onset corectopia? [pic] I can't see a doctor for a few days, I'm worried.",0
Anyone here had a K -wire in after breaking a bone?,0
"roseola aka ""sixth disease"" - what are diseases 1-5?",0
How to deal with hypersensitivity?,0
Is it grammatically incorrect to say 'He has been annoying me'?,1
"[Serious] Reddit, what's the most regrettable sex you've ever had?",1
What Information Do Doctors Need? (hypothetical),0
What animal do you hate and why?,1
Older people who can't stop opening and closing their jaws?,0
EILI5 why does porn make it to the front page of Reddit?,1
How to heal a sprain wrist (TFCC injury)?,0
"ELI5: Why do I want karma, achievements and XP, when I know they are worth nothing?",1
"[NSFW] Gyno diagnosed me with Lichen Sclerosus... I disagree, what do you think?",0
"Exhaustion, coldness, nausea, heavy period, and food sensitivities. Any ideas?",0
I flew out to Rio spontaneously and so didn't get any sort of jab (I'm from the UK). Any survival tips?,0
Has anyone been listening to KROQ?,1
What have you done this week to make you feel proud?,1
"Why does smoke from a lit cigarette flow upwards, particularly in rooms with little to no air flow?",1
"What makes you go into a fit of hysterical laughter? Picture, gif, video, movies lines, stories. Etc",1
"Want to order a phone from Amazon UK, any possible issues?",1
What is your 'go to' spot for good grub in town?,1
A question for Kim or anyone who may know the answer :),1
"Guardian PVT armor, what Runes?",1
4 oz of stout beer and I blew a .18 Why do I get drunk so quickly?,0
Anyone using ableton 9 midi to trigger sounds/groups for machine in plug in mode?,1
Why won't doctors let me have my x-ray?,0
Physical therapy on shoulder. Where to go from here.....,0
What's something you did that sounds terrible when taken out of context?,1
What is your worst experience with procrastination and what were the consequences?,1
What cancers/ tumors are linked to pain in the eye or around it?,0
Freezing chest when breathing?,0
How likely that I have cancer given my recent blood work results?,0
Burning sensation when peeing after masturbating. (NSFW),0
What would you realistically like to see with Cooper and Maclin this offseason?,1
How to deal with parents who would hate who I am?,1
What are your most productive Flies?,1
Why do people avoid deploying certificates?,1
"Unexplained 75 pound weight loss + other symptoms. r/AskDocs, I'd really appreciate your help.",0
"How are you dealing with HIPAA in an Office 365, Shareporint and Exchange environment?",1
Lower back muscle strain - how to recover?,0
"Truck owners of Vancouver, roughly how much do you spend on your Autoplan insurance?",1
"Possible Hernia, if not what could it be?",0
How many people use Bitcoin?,1
Why am I getting bad FPS with shaders?,1
When I am tired I have relatively strong nausea and feel like I may faint at any moment,0
Need Gyrados but adding everyone!,1
"What's wrong with eating too much fat, really? Scare me straight!",0
What is the most bad-ass fictional character death?,1
If Americans call pizzas pies what do they call pies?,1
What kinds of questions would a doctor ask for frequent urination?,0
Is there any risk that boric acid suppositories can cause infertility?,0
How to make HiddenSettings7 settings persistent?,1
What are these red blobs(spots?) all over my leg?,0
What's the best theme for an iPad mini 2?,1
Writer with a question: What kind of medical situations do you have to inform the police about?,1
How do I verify my windows 7 key without first having to format my current install?,1
Would anyone on here be able to decipher these cmet results?,0
ELI5: Why does pouring water over one's head feel so uncomfortable?,1
How is my ECG?,0
What is this bump?,0
What are these marks around my nipple?,0
Are there any invasive cardiovascular technologists here?,0
What are my feet doing? Possible dermatitis? Fluid filled pockets of tiny dot clusters? Please help!,0
Persistent eye flutter. Optometrist said things are fine. What could it be?,0
Where can I have G6PD blood testing done in Europe?,0
"Strange hives, any suggestions?",0
How reliable is the information given on health tv shows like Dr. Oz or The Doctors?,0
Spelling is hard.... and I need a new keyboard.,1
How many times can you get high from 1/8 oz. of marijuana?,1
What is this wart/callus thing on my food? What's the best way to get it off?,0
"If you could give any advice/tips to people playing your class/profession, what would they be?",1
Can Lack of Sleep Cause Headaches?,0
How is the Eastern Conference this bad...,1
Fainting spells and head pain. All tests normal. Not sure how to continue.,0
"Intense pain in eyeballs, lasting about a month now - what is going on??",0
"What is your most favorite commerical, of all time?",1
what is your favorite underused word?,1
I have a question about the procedures for an autopsy and how Coronary Heart Failure is determined after death.,0
What.cd DDoS update,1
"Just collected a package from neighbours house and they had signs of stroke, what should I do?",0
Is there any permanent damage caused by smoking weed twice.,0
Recurring Cellulitis - Why am I so susceptible to this?,0
"Why We Ride - Dearborn, MI",1
"I've been thinking about what a Psychonaut, or an enlightened person goes through when they experience existence, and this is what I came up with. Hope you guys like it.",1
[Q] I was wonder who is pro legalization of weed in California and who is against it.,1
Is it appendicitis?,0
How long is viral pneumonia contagious?,0
Barium swallow normal - but how?,0
Male carrier of dormant Hep B. Girlfriend was non-responder to vaccine. What are our options?,0
"Possible ingrown toenail, please verify?",0
I fell off the bed and hit my head. What should I do?,0
Warnicke- korsakoff syndrome? Please help.,0
How quickly can nail bed clubbing disappear?,0
Need advice on how to properly care for someone with dementia,0
What are your chances of dying in your sleep?,0
At what temperature outside does the 'Throw boiling water into air to make snow' trick work?,1
How do you guys feel about the fight pass after the event?,1
What is the most important thing in your life right now? [Serious],1
How often is safe to do 32 hours with no sleep?,0
Old injury never looked at. Any point in doing so now?,0
Why does my nose just randomly swell?,0
What diplomatic options would you like to see return or added?,1
"Tattoo artists of reddit, Why won't my machine run?",1
What did (WWII or otherwise) do with their bombs after they were shot-down and bailing?,1
Has r/4chan all but ceased to exist for anyone else?,1
Why am I not taller?,0
Face tingling when laughing,0
How is the best way to wrap/bandage an ear?,0
"Blood, bone marrow - what else can I donate while I'm alive?",0
What company will be going out of business in 2014?,1
ELI5: Why do you lose memory during a concussion?,1
"How the hell do I get rid of extremely painful and uncomfortable hemorrhoids?! Dear God, HALLLPP. D;",0
My stomach fills up with gas and Dr's cant find out why. Extremely painful,0
BPH since High School??? Is that even possible? How concerned should I be?,0
What is the meanest thing you have done to a family member/friend?,1
does anyone know of a website where I could order replacement parts for the k-101?,1
Why do i feel like i have a permanent hot flush?,0
Need help diagnosing what's wrong with my nails.,0
How can I teach myself (advanced) math online for free? [serious question],1
Trying to figure out what I did to my hand,0
"Blue dots appearing all over legs and butt, what ARE they?",0
Is there a medical reason why I can't swallow certain foods or is it just me?,0
"Benny Lopez, creator of Red Bulls 'Viking Army' Supporters Club, has been 'banned' for six months.",1
What are some signs of an infection after a wound scabs up?,0
How much money can you earn by streaming by 1000 people?,1
"What kind of doctor/where can I find them, and any ideas what all this is? (ASKING FOR 18F)",0
[Modern] What is the fastest way to dump your library into your graveyard?,1
ELI5: Why do some cars have more efficient fuel consumption?,1
What should I do? (Having orange urine and tan stool),0
Please change Donors' /tp powers to /tpa,1
What kind of internship for Finance major?,1
"I have problems with almost daily diarrhea after dinners and a bubbly stomach, what am I doing wrong??",0
Need help with head injury.,0
how do you recognize somebody with anorexia?,0
How many Polacks it take to screw up a lightbulb?,1
Father Recently Diagnosed with Kennedy's Disease (Spinal Bulbar Muscular Atrophy) Insight needed please,0
"Are there any good books or references for machine learning algorithms by example, in particular for e-commerce, designing targeted shopping, etc.?",1
What are some good ways to cut back on sugar cravings?,0
What Stainless Steel Profiles Are &amp; Their Uses,1
What ways are there to lessen the impact of Exercise Induced Asthma?,0
[Doctor vs Therapist] Blood work results and supplemental/dietary change needed. What side is right - one or both?,0
Why do I feel more masculine?,1
Which do you value more: intelligence or appearance?,1
[Serious] What is an unexplained experience that still haunts you to this day.,1
What does neoplasm of uncertain behavior mean?,0
[Q] Does anyone knows if Wraith-Night event will last the entire day of tomorrow or just half day?,1
ELI5 \u2014 Why does my hair pick up static electricity when I brush it?,1
"I have a family member I think needs to see a psychiatrist, but have no idea how to find a good one. Yelp isn't exactly how I want to get a family member treated.""",0
"How should I go Raid 10 with a Z77X-UD5H 3770k, 240 SSD, 4 4t WD REs?",1
What's wrong with my balls?,0
Why does my body reject food at times?,0
What are these dots on my hand?,0
What is this growth on my butt?,0
"Neck and shoulder problems, fatigue and facial pressure...what is this?",0
Any arguments against parotidectomy for pleomorphic adenomas?,0
What are these relish bumps on my skin,0
Any top Warrior players willing to give some tips?,1
What are the upsides to tying your game mechanics to the frame rate?,1
Why did little red dots suddenly appear on me?,0
If you could live in any fictional world which one would it be and why?,1
I want peace in my life what should i do ?,1
What do you think is the greatest sporting moment of all time?,1
HIV - best friend recent dx- what mental health advice can I give him. He's extremely stressed and I'm not an emotional person.,0
What would be a great youtube clip to show someone who has never heard of Carl Sagan?,1
Why cant i spectate my friends?,1
How Serious is High Tryptase?,0
Brain fog symptom persisting for over a year physicians not sure why,0
What do I do now?,1
Palpitations dont let me sleep,0
These marks showed up on my stomach today...what are they?,0
What gameshow do you want to be on?,1
What's the best place to find all the differences in versions?,1
"Anyone else having problems streaming Netflix, standard or high def?",1
My girlfriend has been diagnosed with connective tissue disease desmosis but the doctor wont tell her anything!,0
What is the weirdest thing you ever woke up to?,1
Help with urinalysis?,0
My grandma is dying and is in extreme pain. How do I help her?,0
What are your positions in regards to chivalry?,1
"[Serious] What was it like when you first learned of someone you loved passing away? From initally finding out, to the different stages of how you felt.. how would you describe it?",1
Any pools with punch cards?,1
"What is going on with Fukushima? With all the conflicting stories and evidence, what are the facts behind all the jargon and misinformation?",1
I am looking for a charity through which I can sponsor a child in Honduras. Does anyone know of any reliable ones?,1
Who here has done a lot of lsd? When I say a lot I mean shot glasses.,1
Idea for rust? What do you guys think?,1
What is this skin peeling disease called?,0
Need help with Brain MRI Report,0
Growth type thing on my penis. What is it?,0
What are you weirdly nostalgic of and have a hard time throwing away?,1
Massive bruise a week after blood test... What caused it?,0
"Have Ditto, Need Ditto, Will add others",1
What are the possible consequences of long term use of pregabalin?,0
Whats this on my gums ?,0
"39yo male sent home from hospital after being told I have a brain aneurysm. Symptoms still persist, not sure what to do next.",0
Speculation of how doge coins will be in 2 months?,1
Anyone having issues with German cannons?,1
How reliable are Kenneth C. Davis' 'Don't Know Much About the Civil War' and Howard Zinn's 'A People's History of the United States'?,1
"How long should a sufferer of Baxter's nerve entrapment continue his conservative/stretching treatment program, before attempting more invasive treatments to stop the pain? Share sources if possible.",0
Best paying math jobs - Where's the big $$?,1
LF: Azumarill. Will add any,1
The Index toe on my left foot has been kinda numb feeling for almost two weeks.,0
What happened to my beta?,1
Small bumps popping up every couple of months on my underarms - red and painful - what's going on?,0
how expensive is decent shaman deck?,1
Throat pain w/ what looks like a little nodule in back of throat.,0
What would you guys like to see GW work on after the hobbit?,1
"Reddit, what are your biggest goals (not resolutions) for 2014 that you wish to achieve?",1
Brother getting married in temple later this year. Guess where I'll be sitting?,1
Tiny cat scratch. What should I do?,0
You get 5 words to make a stranger as uncomfortable as possible. What do you say?,1
[TOMT] [subreddit] A subreddit where people post full movies converted to tiny tiny gifs,1
What is this white spot inside my mouth? (Smoker),0
"Started getting bad neck pain, what could it be?",0
Adding anyone that I find interesting :) Add away!,1
Any people to play and help a newbie learn the game? (PC),1
Just another guy looking for a Ditto safari... but I'm also adding anyone :),1
"Sensation of 'buzzing' or 'growling' similar to how the stomach reacts when hungry, but in rectum, please advise",0
Throat advice please?,0
I'll be at CES next week. Anyone have any requests or suggestions?,1
Why does my client crash during EVERY ARAM?,1
How's that new year's resolution going?,1
Pain near groin whenever I land from jumping off an edge. What's going on???,0
How to deal and manage migraine followed by vision loss and dizziness,0
Are there any addons to automatically mail unusable BoEs to a bank alt?,1
"If you could, What would you change in the Naruto series?",1
"Reddit, what was sexsexsexsexsexsexsexsexsexsexsexsexsexsexsexsexsexsexsexsex [SERIOUS] [NSFL]",1
What reason would make you quit your job?,1
What to ask my urologist - occasional rotated left testicle,0
Bald/Balding men of Reddit. How do you feel about your hair loss?,1
"So went in for an EKG test, results came out normal, but I can tell but feel there's something wrong. Any advice?",0
So I did it...and what now?,1
22F finally starting to get diagnosis' but what do they mean?,0
I'm taking the trip of a lifetime and spending half of 2014 in Africa! What kind of camera should I get to document my adventures?,1
Are you supposed to take Valium every day regardless or only when anxiety symptoms present?,0
How do I fix this?,1
What are you studying? Mitosis? I know that one!,1
What was your New Year's Resolution? And may I please have a hug?,1
"I get teased with ""You have skin cancer""",0
How much pretty good weed should I be getting for $80?,1
How tall were you in 10th grade and how tall are you now?,1
Casual Fun Anyone?,1
What would be the best Monstercat songs to hear at a live performance?,1
Why do our wisdom teeth develop so much later in life than a regular set of adult teeth?,1
What a difference 5 month can make with African cichlids,1
Any ENT medical professional here?,0
"Relationship Masters of Reddit, What is the best way to get a close friend to turn into something more than friends? [Seriouse]",1
ELI5: How does wind chill work?,1
"Keep it Recreational, Stupid (Why Big Pharma and Co. should be pushing legalization ASAP).",1
How would you describe Reddit in one sentence to someone who's never seen it before?,1
I don't know where else to ask this: lice,0
"In public matches, why does it seem like engineers don't seem to do much?",1
What's the absolute worst thing you've ever done to someone?,1
What's up with my finger?,0
"Reddit, just got a Netflix account, where should I start?",1
WHAT DO YOU CONSIDER A 'PRO' TEAM AND A PRO 'PLAYER'?,1
Odd pain sensitivity from someone who was a professional pain-taker,0
[m46] turned on by women who smoke cigarettes,1
How do I respond to a creationist saying 'I believe in evolution within 1 species but not from one species into another',1
Why is cancer pain often worse during the night?,0
Has anyone tried out lens attachments yet? Which ones do you like;why?,1
Where do you find the most fact based news?,1
What happens during a sleep study?,0
"My dad has been exhausted, sore, and in pain every since coming back from a trip to South America.",0
What are my options as the potential teen father?,0
Anyway To Reduce Pass-thru Input Lag When Playing Xbox 360?,1
Why are the bengals satisfied with Andy Dalton as their franchise?,1
why is topical ibuprofen not sold or prescribed in the U.S.?,0
Why did the Japanese abandon the Imperial chrysanthemum and when?,1
How long can caffeine withdrawals last for a heavy drinker? Is this possibly something else?,0
Are there any toothpastes for adults that don't have mint?,0
How to cure an oral and penile yeast infection?,0
Whiplash concussion? What will help dr this evening?,0
Blisters - really rather miserable.,0
Twitching caused by sleep deprivation or stress?,0
Will Add Anyone!,1
After really pulling for Mike Zimmer hire I'm having second thoughts after hearing about who who going to be his Offensive Coordinator and Defensive Coordinator.,1
Anyone want to team up for some conquest? (Central Time),1
How much do I need to sleep for optimal recovery?,1
Where is banshee helmet?,1
NoPorn vs. NoFap. I immediately recognized the benefits of not watching porn. I'm curious as to what they say NoFap benefits are?,1
Stomach pain and nauseous what's wrong with me?,0
WHY DID I EAT THAT ROTTEN APPLE!!!!!,1
Where to start?,1
Has anyone ever painted on metal sheets?,1
Bubble feeling in chest when breathing?,0
What is the website?,1
Current Bayern Contracts - Where do we go from here?,1
What is the quickest way to get treatment as a 17 year old? (x-post /r/Testosterone),0
What causes heart rate to suddenly quicken to 100 resting after pressure on back for a while - with difficulty breathing?,0
Every person has a one-time pass to end another person's life without any legal repercussions.,1
Trouble getting enough sleep,0
So here is a question I'm not sure has been asked before: How can I go about finding work with a broken arm and wrist?,1
Can a couple get Chlamydia if they haven't had any other sexual partners and both were clean?,0
"21 [M] Not sure where I stand out of 10, pretty curious!",1
Anyone know how to use debit card from Korean bank in Google Playstore?,1
What is your proudest moment?,1
how would you imagine an intergalactic ark,1
How long after taking Cialis should I wait to take a Viagra,0
How useful are undergrad stats courses?,1
How can an engineering major land an IB summer internship?,1
[Question] [Steelco] Where/by whom can I have this timepiece fixed?,1
What will relieve pain in lymph nodes caused by flu?,0
"Itchy rash on torso and arms for 1 week, what is it?",0
Good creams I can use inside and buy against yeast?,0
"Hip, tailbone, knee pain. What type of doctor do I see?",0
What in the world is wrong with me? (overall),0
What is a good shop to buy android phones at good prices?,1
What is this font? I want to re-create this shirt for a friend?,1
What's wrong with me? It's been five days and my throat is still hurting...,0
"Found this on my scalp, any idea what it is?",0
What team should I go?,1
Is there any accurate way to tell when you are dying or close to it?,0
How did you get introduced to Muse?,1
Anyone wanna party up?,1
How effective is acupuncture?,0
How to help an infected cyst?,0
"Chronic sprained wrist, seen a doctor etc, hurts in biceps too and rarely past shoulder; what exercises do you recommend?",0
Can anyone tell me what type of puppy this is?,1
"Using PRAW, how do I get a redditor's username from his comment?",1
"(Potential Formation Change) Considering the lack of quality wingers recently, why don't we just get rid of them completely?",1
What's your favourite non-fiction book?,1
"(NSFW). Women, when having sex, how much of importance is it to you to reach an orgasm?",1
Few things ailing me. Doctor appointment on Monday. Any ideas what's up?,0
Have you ever told a lie that saved you from a terrible situation?,1
"Women of Reddit, what is the most romantic thing a man has ever done for you?",1
What's the going rate for a kidney?,1
How long is it normal to sleep for after injury?,0
"Think I may have an STD, need your guys' help (pic included)",0
Turtle beach p11's broke. Can anyone tell me if what I plan to do is good or not?,1
Do you guys use surge protectors for your miners?,1
Why do only girls that don't live close like me??,1
My Castle (in progress) any thoughts or criticism welcome!,1
What are some essential mods for someone new to PC Minecraft?,1
Any ideas on what the best places that do vegan food are?,1
"Safari Unknown: Add me, please :))",1
25 y/o male who gets cold sores; kissing someone with an active cold sore,0
[H] Flip Knife | Crimson Web (FT) [W] Any Karambit.,1
can i be hero for those who need kidney?,0
"Fatigue, high monocytes, and a doctor who was late for lunch",0
How good will DayZ SA run on my PC?,1
I have a knack for computers but my resume sucks. How should I prepare for a web dev bootcamp and getting hired afterwards?,1
Why are all the stats in [brackets]?,1
"What exactly does an introductory, 100-level Engineering class entail?",1
Hollywood professionals: does knowing about how movies/tv shows are actually made affect your ability to enjoy being taken in them?,1
"Tired, anxious, overheated and trouble sleeping - what is wrong with me?",0
Whats the best way to stop rectal bleeding?,0
"Joints hurt, what should I do?",0
High-normal amount of free T4 but medium-normal level of TSH. What does this mean?,0
Why does getting too much sleep make you feel tired?,1
Any fellow longbowers out there?,1
Help with pregnancy,0
What's wrong with me? My head is always cloudy/foggy. I am starting to think I have a disorder?,0
Magnesium cures my anxiety but causes adverse reactions. Anyone knows what's happening?,0
What is Sinus Tachycardia?,0
"Very small bumps/blisters/scabs? in between fingers. Not itchy at all, just weird and not sure what it is",0
What is the best way of transfering your B.net Balance to Paypals?,1
Chip Fracture in Finger. Dr. recommends removing splint and letting heal with light use. Is that okay?,0
Let's mock people who generalize hip hop fans by generalizing everyone who doesn't like Kanye!,1
Have you ever been physically hurt for anything you said?,1
Does anyone know when actually season 4 starts?,1
What's wrong with my belly button?!,0
What makes a song so catchy that it stays in your head all day?,1
What should I (f/20) do about this situation,1
What's your opinion on Indian accents?,1
"ELI5: In modern statistics, why do we bootstrap to create confidence intervals?",1
where FIND very EXPLANATION (basics) mining doge HOW?,1
"I've been feeling much more tired and sleepy in the last month even with adequate sleep, what is going on?",0
"Kindle app store, how to publish.",1
Jeep Grand Cherokee seems to 'lurch' and bounce when wheel is cut completely to one side. Any ideas as to what can be going on?,1
What is the Dr trying to say about the MRI of my knee?,0
What does it mean when a stroke patient suddenly spoke un-comprehensively/ gibberish?,0
What's the weirdest seemingly ordinary thing you've turned into a game?,1
Would a Brain MRI show any disorders of the skull bones?,0
Need help with summoner names!,1
What is your worst habit?,1
Why hasn't anybody thought of this?,1
How to approach 4chan?,1
"Callus/blister/something on my hand, been lingering for about a month now. Not sure what it is or what I can do",0
Where did 'Ghastly' come from?,1
WHY do vaccines (flu shots) make us feel bad while our bodies produce antibodies?,0
[Ascent] How-to vapor-cycle?,1
What is the cause of my headaches?,0
I just impulsively bought an Xbox One. What should I buy for it?,1
Any recommendations for vintage video game shopping in the Tampa Bay Area?,1
Does drinking lots of water negate negative effects of eating foods high in sodium?,0
Why don't we color code it?,1
3 months into FM14 post how many hours you have played! Also discuss your experiences!,1
[Serious] What haunts you?,1
Could someone tell me what is going on with the sole of my foot?,0
"2 months of feeling Sick, i have exams coming up. i NEED to be better! what is it?!",0
What is the most meaningful gift you have either given or received?,1
How long after the last dose of Bactrim is it safe to consume alcohol?,0
why ur life sucks if you are not in cs,1
I have an appointment soon and I'm super nervous....(left testicle checked) ideas on what this is?,0
Why am I constantly tired/fatigued?,0
What can I expect in the future from an eye damaged by a concussion?,0
I have fighters looking for dittos please,1
"Ridiculous question: what is worse for you, hot dogs or cocaine?",0
At what point does portal coincide with Half life?,1
"I think I have carpal tunnel syndrome, need advice.",0
How much bleeding from belly button is normal after gallbladder removal?,0
How long after pink eye exposure do symptoms start? (F 26),0
I need a endoscopy but no insurance and broke. Here is what Ive done so far,0
What would you do.,1
What is your 'Sweet Spot' Dose For LSD (ug) and your Favourite Type of Environment to Trip In?,1
Where in the brain is this?,0
How soon can I drink alcohol after taking one Klonopin?,0
Is there any point to seeing a doctor about a possible minor foot fracture?,0
My girlfriend (25) had stroke-like symptoms yesterday. Family members suffered it. What should we do ?,0
[Supernatural] What are hell hounds?,1
"So will a ruptured vein, or vessel, ever heal itself? What about the saphenous? No insurance, no obamacare. whatdo?",0
"What's a lie you told as a kid, but never got around to confessing?",1
What's this in my pill bottle?,0
Help with Seborrheic Dermatitis,0
How many Exes (ex boyfriend/girlfriends) have you had??,1
What's your most memorable tailgating experience?,1
Anyone here got accepted on this forum?,1
Experienced something odd last night. Sleep disorder?,0
Lone Redditors: why does everyone hate you?,1
Viral Infection ( please read my situation and help me).. Please.,0
What was the weirdest/most vivid dream you've ever had,1
How close to death was I?,0
Does anyone want to co-op some spartan ops?,1
Has anyone here ever experienced ibogaine?,1
Where to start?,1
Why are my hands and feet turning red easily?,0
"Kicked chair two weeks ago, toe still swollen and sore. Any point in getting an x ray?",0
Why did Botulinum bacteria develop so powerful a toxin?,1
Anybody rebut David Simon?,1
What type of doctor can remove a bartholin gland cyst,0
How can I write to the people in charge of the '1345' service?,1
"Recently, I have been getting headaches after masturbating. What is happening?",0
"Where can I (closer to spring) buy heirloom seeds for veggies, herbs, etc. in Windsor/Essex County?",1
What if every citizen registered his own corporation to enjot its legal protections?,1
What is the worst a explanation for something you've been told?,1
Bubble feeling in chest when breathing.,0
Lf: Togepi safari! Please help!,1
What's one question you've always wanted to ask but the appropriate time never came up?,1
Positive for Chronic HepB - How will that affect me becoming a doctor? (xpost from /r/premed),0
Can anyone tell me why this doesn't work?,1
How can I gain weight?,0
Are there any known issues with the Flash/JavaScript API?,1
How likely is it that . . .,1
Swollen lymph nodes and tonsils but feel fine,0
"Are you all me, talking to myself?",1
"I had a fasting blood test, i don't trust my family doctor can anyone please tell me is everything normal? Thanks. (Worried for diabetes)",0
"I'm reporting comments that aren't breaking any rules, why aren't they removed?",1
[NSFW] Any idea of what this is on my penis?,0
"[Admin] All player building and contents thereof disappeared, but what I had on me remains. How?",1
I think I may have diabetes...how long can I wait.,0
Do you avoid writing in a certain genre or about a topic if the market is over-saturated with it?,1
A question about how somebody died quickly and unexpectedly (Non-medical professionals and non-doctors are welcomed to answer),0
Has anyone called the numbers on memes or funny photos?,1
Who has had the best individual performance so far this season?,1
(Spoilers All) What fan theories have been debunked so far?,1
Diagnosis + treatment was unsuccessful. I don't know what to do now.,0
How to find a personal use hematology analyzer?,0
Accidentally only been taking half the dosage of an antiviral. What do I do?,0
Help with ranked!,1
What method of suicide would still allow for organ donation?,0
What can happen when you burn yourself on a radiator?,0
What are my chances of being HIV+?,0
Really cheap gp website,1
Girlfriend thinks she is pregnant,0
Does taking sleeping pills decrease quality of sleep?,0
MMM I can hear my mom upstairs,1
I'm not sure what to call this but;,1
First piece what should I name her/him? [7],1
Evolution and why my Charmander becomes a Charmeleon.,1
How Long for Fresh Pink Skin to Heal After Scab Disappears?,0
"Reddit, what is the best part of your life right now? [Serious]",1
What diseases cause spontaneous indented scars on the face?,0
"What are my chances? [Biological Sciences subfield, MS or PhD]",1
Where is the best place to get a baguette in Merthyr?,1
What's the contradiction for supplementing magnesium with bradycardia?,0
What is this lump on my testicle?,0
24-hour sneezing marathons: why?,0
What a lovely cat.,1
Anyone else think Steambox won't take off?,1
Please Help Mystery Illness,0
Whats this funky thing?,0
Gassy situation. Any input appreciated.,0
MRI and Ultrasound results...can anyone tell me what they mean?,0
